"fichero","seccion","linea","castellano","ingles_referencia","EUSKERA"
"copy.ts","AREAS_INTRO","83","(ZONA / 07)","(AREA / 07)","(EREMUA / 07)"
"copy.ts","AREAS_INTRO","84","DÓNDE TRABAJAMOS","WHERE WE WORK","NON EGITEN DUGU LAN"
"copy.ts","AREAS_INTRO","86","Somos un estudio de Irún y trabajamos en remoto: con Gipuzkoa, que es nuestra casa, y con toda España.","We are a studio from Irún and we work remotely: with Gipuzkoa, which is home, and with the whole of Spain.","Irungo estudio bat gara eta urrunetik egiten dugu lan: Gipuzkoarekin, gure etxea baita, eta Espainia osoarekin."
"copy.ts","areas","98","Nuestra base. Comercios, hostelería y pymes del Bidasoa, la zona que mejor conocemos.","Our home base. Shops, restaurants and small businesses in the Bidasoa area — the ground we know best.","Gure oinarria. Bidasoako dendak, ostalaritza eta ETEak, ondoen ezagutzen dugun eremua."
"copy.ts","areas","108","Comercio, hostelería, estudios y profesionales de Donostia y su comarca.","Shops, restaurants, studios and professionals in Donostia and its surroundings.","Donostiako eta eskualdeko dendak, ostalaritza, estudioak eta profesionalak."
"copy.ts","areas","118","Toda la provincia: Errenteria, Oiartzun, Pasaia, Lezo, Hernani, Tolosa, Eibar.","The whole province: Errenteria, Oiartzun, Pasaia, Lezo, Hernani, Tolosa, Eibar.","Probintzia osoa: Errenteria, Oiartzun, Pasaia, Lezo, Hernani, Tolosa, Eibar."
"copy.ts","areas","128","Restaurantes, hoteles y comercio del casco histórico y la Marina.","Restaurants, hotels and shops in the old town and the Marina.","Alde zaharreko eta Marinako jatetxeak, hotelak eta dendak."
"copy.ts","areas","138","Trabajamos igual estés donde estés: todo por videollamada, email y WhatsApp.","We work the same wherever you are: all over video call, email and WhatsApp.","Berdin egiten dugu lan non zauden ere: dena bideo-deiz, emailez eta WhatsAppez."
"copy.ts","BUSINESS_DESCRIPTION","182","Estudio de diseño y programación de páginas web en Irún (Gipuzkoa). Páginas web a medida, tiendas online, branding y SEO local para negocios de Irún, Donostia-San Sebastián y toda Gipuzkoa.","Web design and development studio based in Irún, Basque Country (Spain). Custom websites, online stores, branding and local SEO for small businesses.","Web orrien diseinu eta programazio estudioa Irunen (Gipuzkoa). Neurrira egindako web orriak, online dendak, brandinga eta tokiko SEOa Irungo, Donostiako eta Gipuzkoa osoko negozioentzat."
"copy.ts","OFFER_CATALOG","189","Servicios de diseño y desarrollo web","Web design and development services","Web diseinu eta garapen zerbitzuak"
"copy.ts","SEO_DEFAULT","196","Diseño de páginas web en Irún y Gipuzkoa | arianet","Web design and development studio | arianet","Web orrien diseinua Irunen eta Gipuzkoan | arianet"
"copy.ts","SEO_DEFAULT","201","Diseño y programación de páginas web en Irún. Webs a medida, tiendas online y SEO local para negocios de Irún, San Sebastián y Gipuzkoa. Desde 29 €/mes.","Custom websites, online stores and SEO for small businesses. Remote studio based in Irún, Basque Country. Flat rate from €29/month, no lock-in.","Web orrien diseinua eta programazioa Irunen. Neurrira egindako webak, online dendak eta tokiko SEOa Irungo, Donostiako eta Gipuzkoako negozioentzat. 29 €/hilabetetik aurrera."
"copy.ts","SEO_DEFAULT","206","${BRAND} — estudio digital","${BRAND} — digital studio","${BRAND} — estudio digitala"
"copy.ts","META","214","DISEÑO Y PROGRAMACIÓN WEB","WEB DESIGN & DEVELOPMENT","WEB DISEINUA ETA PROGRAMAZIOA"
"copy.ts","META","218","IRÚN · GIPUZKOA","IRÚN · GIPUZKOA / SPAIN","IRUN · GIPUZKOA"
"copy.ts","META","219","EST. 2026","EST. 2026","EST. 2026"
"copy.ts","NAV","225","SERVICIOS","SERVICES","ZERBITZUAK"
"copy.ts","NAV","226","QUÉ INCLUYE","WHAT YOU GET","ZER SARTZEN DEN"
"copy.ts","NAV","227","PROCESO","PROCESS","PROZESUA"
"copy.ts","NAV","228","TRABAJO","WORK","LANA"
"copy.ts","NAV","229","TARIFAS","PRICING","TARIFAK"
"copy.ts","NAV","230","FAQ","FAQ","FAQ"
"copy.ts","NAV","232","HABLEMOS →","LET'S TALK →","HITZ EGIN DEZAGUN →"
"copy.ts","NAV","234","Inicio","Home","Hasiera"
"copy.ts","NAV","235","MENÚ","MENU","MENUA"
"copy.ts","NAV","236","CERRAR","CLOSE","ITXI"
"copy.ts","NAV","237","IDIOMA","LANGUAGE","HIZKUNTZA"
"copy.ts","NAV","239","Abrir menú","Open menu","Menua ireki"
"copy.ts","NAV","240","Cerrar menú","Close menu","Menua itxi"
"copy.ts","HERO","247","DISPONIBLES PARA PROYECTOS","OPEN FOR NEW PROJECTS","PROIEKTU BERRIETARAKO PREST"
"copy.ts","HERO","251","QUÉ HACEMOS ↓","WHAT WE DO ↓","ZER EGITEN DUGUN ↓"
"copy.ts","HERO","256","DISEÑO WEB","WEB DESIGN","WEB DISEINUA"
"copy.ts","HERO","257","EN IRÚN","IN IRÚN","IRUNEN"
"copy.ts","HERO","262","Diseño y programación de páginas web para negocios de Irún, Donostia-San Sebastián y toda Gipuzkoa. En remoto, también para el resto de España.","Web design and development for businesses in Irún, Donostia-San Sebastián and across Gipuzkoa. Remotely, for the rest of Spain too.","Web orrien diseinua eta programazioa Irungo, Donostiako eta Gipuzkoa osoko negozioentzat. Urrunetik, Espainia osorako ere bai."
"copy.ts","HERO","267","Construimos las webs que tu competencia va a querer copiar. Branding, páginas web y tiendas online, diseñadas desde cero. Tarifa plana desde 29 €/mes, sin permanencia.","We build the websites your competitors will wish they had. Branding, websites and online stores, designed from scratch. Flat rate from €29/mo, no lock-in.","Zure lehiakideek kopiatu nahiko dituzten webak eraikitzen ditugu. Brandinga, web orriak eta online dendak, hutsetik diseinatuak. Tarifa laua 29 €/hilabetetik aurrera, iraunkortasunik gabe."
"copy.ts","HERO","271","EMPEZAR PROYECTO →","START A PROJECT →","PROIEKTUA HASI →"
"copy.ts","HERO","272","VER TRABAJO","SEE WORK","LANA IKUSI"
"copy.ts","heroIndex","277","BRANDING","BRANDING","BRANDINGA"
"copy.ts","heroIndex","278","WEB","WEB","WEB"
"copy.ts","heroIndex","279","E-COMMERCE","E-COMMERCE","E-COMMERCE"
"copy.ts","heroIndex","280","UX / UI","UX / UI","UX / UI"
"copy.ts","heroIndex","281","MOBILE","MOBILE","MUGIKORRA"
"copy.ts","heroIndex","282","SEO","SEO","SEO"
"copy.ts","marquee","287","Branding","Branding","Brandinga"
"copy.ts","marquee","288","Diseño Web","Web Design","Web Diseinua"
"copy.ts","marquee","289","E-Commerce","E-Commerce","E-Commerce"
"copy.ts","marquee","290","UX/UI","UX/UI","UX/UI"
"copy.ts","marquee","291","Apps Móviles","Mobile Apps","Mugikorreko Appak"
"copy.ts","marquee","292","SEO","SEO","SEO"
"copy.ts","marquee","293","Landing Pages","Landing Pages","Landing Orriak"
"copy.ts","marquee","294","Mantenimiento","Maintenance","Mantentze-lanak"
"copy.ts","WORK_INTRO","299","(TRABAJO / 04)","(WORK / 04)","(LANA / 04)"
"copy.ts","WORK_INTRO","300","ALGUNOS PROYECTOS","SOME PROJECTS","PROIEKTU BATZUK"
"copy.ts","WORK_INTRO","302","Proyectos reales, no maquetas. Muy pronto habrá más.","Real projects, not mockups. More coming very soon.","Benetako proiektuak, ez maketak. Laster gehiago izango dira."
"copy.ts","WORK_INTRO","307","DESLIZA PARA VER MÁS →","SWIPE TO SEE MORE →","LERRATU GEHIAGO IKUSTEKO →"
"copy.ts","work","321","TIENDA ONLINE","ONLINE STORE","ONLINE DENDA"
"copy.ts","work","324","Boutique de licores en Irún — recogida en tienda y verificación de edad.","A boutique liquor store in Irún — in-store pickup and age verification.","Irungo likore boutiquea — dendan jasotzea eta adin-egiaztapena."
"copy.ts","work","332","APLICACIÓN WEB · UX/UI","WEB APP · UX/UI","WEB APLIKAZIOA · UX/UI"
"copy.ts","work","335","Portal a medida para un clan de Clash of Clans: login, guerras y estadísticas.","A custom portal for a Clash of Clans clan: login, wars and stats.","Clash of Clans klan batentzako neurrira egindako ataria: saioa hastea, guduak eta estatistikak."
"copy.ts","work","343","PROYECTO PROPIO · SEO","OWN PROJECT · SEO","PROIEKTU PROPIOA · SEO"
"copy.ts","work","346","Comparativas y guías para posicionar en buscadores. Sin cliente detrás.","Comparisons and guides built to rank in search. No client behind it.","Konparaketak eta gidak bilatzaileetan kokatzeko. Bezerorik gabe."
"copy.ts","work","355","PROYECTO PROPIO · MEDIO DIGITAL","OWN PROJECT · DIGITAL MEDIA","PROIEKTU PROPIOA · HEDABIDE DIGITALA"
"copy.ts","work","361","La economía mundial, cada día: informes de mercado, noticias y newsletter.","The global economy, every day: market reports, news and a newsletter.","Munduko ekonomia, egunero: merkatuko txostenak, albisteak eta newsletterra."
"copy.ts","SERVICIOS_INTRO","372","(SERVICIOS / 01)","(SERVICES / 01)","(ZERBITZUAK / 01)"
"copy.ts","SERVICIOS_INTRO","373","LO QUE HACEMOS","WHAT WE DO","ZER EGITEN DUGUN"
"copy.ts","SERVICIOS_INTRO","375","Un solo equipo, de principio a fin — del primer boceto al día del lanzamiento.","One team, end to end — from the first sketch to launch day.","Talde bakarra, hasieratik amaierara — lehen zirriborrotik abiarazteko egunera arte."
"copy.ts","services","401","Branding e identidad","Branding & identity","Brandinga eta identitatea"
"copy.ts","services","406","Logo, paleta y un sistema visual que hace que te recuerden.","Logo, palette and a visual system that makes you memorable.","Logoa, paleta eta gogoan hartuko zaituzten sistema bisual bat."
"copy.ts","services","412","Diseño de logos y branding en Irún, Gipuzkoa","Logo design and brand identity","Logo eta branding diseinua Irunen, Gipuzkoan"
"copy.ts","services","417","Diseño de logotipos e identidad de marca para negocios de Irún, San Sebastián y Gipuzkoa. Logo, paleta, tipografías y guía de marca. Presupuesto sin compromiso.","Logo, colour palette, typography and brand guidelines for small businesses. Remote studio based in Irún, Basque Country. Free quote, no strings attached.","Logotipoen eta marka-identitatearen diseinua Irungo, Donostiako eta Gipuzkoako negozioentzat. Logoa, paleta, tipografiak eta marka-gida. Aurrekontua konpromisorik gabe."
"copy.ts","services","428","Diseño de páginas web","Web design","Web orrien diseinua"
"copy.ts","services","430","Diseños a medida pensados para tu negocio, nunca plantillas.","Custom designs built for your business — never templates.","Zure negoziorako pentsatutako neurrirako diseinuak, inoiz ez txantiloiak."
"copy.ts","services","439","Diseño de páginas web a medida, sin plantillas","Custom web design and development — never templates","Neurrira egindako web orrien diseinua, txantiloirik gabe"
"copy.ts","services","444","Diseñamos y programamos tu web desde cero, adaptada a tu negocio: responsive, rápida y con SEO técnico desde el primer día. Estudio en Irún, Gipuzkoa.","We design and build your website from scratch, tailored to your business: responsive, fast and with technical SEO from day one. Remote studio in the Basque Country.","Zure weba hutsetik diseinatu eta programatzen dugu, zure negoziora egokituta: responsive, azkarra eta SEO teknikoarekin lehen egunetik. Estudioa Irunen, Gipuzkoan."
"copy.ts","services","455","Tiendas online","Online stores","Online dendak"
"copy.ts","services","457","E-commerce rápido y fácil de gestionar que convierte.","Fast, easy-to-manage e-commerce that converts.","Kudeatzen erraza eta azkarra den e-commerce bat, saltzen duena."
"copy.ts","services","463","Crear tienda online en Irún y Gipuzkoa | E-commerce","Online store development | E-commerce","Online denda sortu Irunen eta Gipuzkoan | E-commerce"
"copy.ts","services","468","Creamos tu tienda online: catálogo, carrito, pagos seguros y panel para gestionarla tú. Para comercios de Irún, San Sebastián y toda Gipuzkoa. Desde 99 €/mes.","We build your online store: catalogue, cart, secure payments and a panel you manage yourself. Flat rate from €99/month, no lock-in.","Zure online denda sortzen dugu: katalogoa, saskia, ordainketa seguruak eta zuk kudeatzeko panela. Irungo, Donostiako eta Gipuzkoa osoko dendentzat. 99 €/hilabetetik aurrera."
"copy.ts","services","479","Landing pages","Landing pages","Landing orriak"
"copy.ts","services","481","Páginas de campaña con un único objetivo: convertir.","Campaign pages with one single goal: converting.","Helburu bakarreko kanpaina-orriak: bihurtzea."
"copy.ts","services","487","Landing pages para campañas | Irún, Gipuzkoa","Landing pages for campaigns","Kanpainetarako landing orriak | Irun, Gipuzkoa"
"copy.ts","services","492","Páginas de campaña con un único objetivo: que te contacten. Copy persuasivo, analítica y listas en días. Para negocios de Irún, Donostia y Gipuzkoa.","Campaign pages with a single goal: getting people to contact you. Persuasive copy, analytics and live in days rather than months.","Helburu bakarreko kanpaina-orriak: zurekin harremanetan jar daitezen. Testu limurtzailea, analitika eta egun gutxitan prest. Irungo, Donostiako eta Gipuzkoako negozioentzat."
"copy.ts","services","503","UX / UI de apps","App UX / UI","Appen UX / UI"
"copy.ts","services","505","Interfaces claras para aplicaciones web y móviles.","Clear interfaces for web and mobile apps.","Interfaze argiak web eta mugikorreko aplikazioetarako."
"copy.ts","services","511","Diseño UX/UI de apps y aplicaciones web | arianet","UX/UI design for apps and web applications","Appen eta web aplikazioen UX/UI diseinua | arianet"
"copy.ts","services","516","Diseño de interfaces para aplicaciones web y móviles: flujos, sistema de diseño y prototipos navegables antes de programar. Estudio en Irún, Gipuzkoa.","Interface design for web and mobile applications: user flows, design system and clickable prototypes before a single line of code is written.","Web eta mugikorreko aplikazioetarako interfazeen diseinua: fluxuak, diseinu-sistema eta prototipo nabigagarriak programatu aurretik. Estudioa Irunen, Gipuzkoan."
"copy.ts","services","527","Aplicaciones móviles","Mobile apps","Mugikorreko aplikazioak"
"copy.ts","services","529","Apps nativas para iOS y Android, del diseño a la publicación.","Native iOS and Android apps, from design to release.","iOS eta Androiderako app natiboak, diseinutik argitalpenera."
"copy.ts","services","538","Desarrollo de apps para iOS y Android | arianet","Native iOS and Android app development","iOS eta Androiderako appen garapena | arianet"
"copy.ts","services","543","Desarrollo de aplicaciones móviles nativas para iOS y Android: diseño, programación y publicación en App Store y Google Play. Estudio en Irún, Gipuzkoa.","Native mobile app development for iOS and Android: design, build and publishing on the App Store and Google Play.","iOS eta Androiderako mugikorreko aplikazio natiboen garapena: diseinua, programazioa eta App Store eta Google Play-n argitaratzea. Estudioa Irunen, Gipuzkoan."
"copy.ts","services","554","SEO y posicionamiento","SEO","SEOa eta posizionamendua"
"copy.ts","services","556","Optimización técnica y de contenido para que te encuentren.","Technical and content optimization so people find you.","Optimizazio teknikoa eta edukiarena, aurki zaitzaten."
"copy.ts","services","562","Posicionamiento SEO en Irún y San Sebastián","SEO and search engine positioning","SEO posizionamendua Irunen eta Donostian"
"copy.ts","services","567","SEO técnico y de contenido para salir en Google cuando tu cliente te busca. Posicionamiento local para negocios de Irún, Donostia-San Sebastián y Gipuzkoa.","Technical and content SEO so you show up on Google when your customer is searching. Local positioning for small businesses.","SEO teknikoa eta edukiarena, zure bezeroak bilatzen zaituenean Googlen agertzeko. Tokiko posizionamendua Irungo, Donostiako eta Gipuzkoako negozioentzat."
"copy.ts","services","578","Mantenimiento web","Maintenance","Web mantentze-lanak"
"copy.ts","services","580","Actualizaciones, seguridad y soporte continuo.","Updates, security and ongoing support.","Eguneratzeak, segurtasuna eta etengabeko laguntza."
"copy.ts","services","586","Mantenimiento de páginas web | Irún, Gipuzkoa","Website maintenance and support","Web orrien mantentze-lanak | Irun, Gipuzkoa"
"copy.ts","services","591","Mantenimiento web mensual: actualizaciones, seguridad, copias de seguridad y soporte real. Incluido en la tarifa plana, sin permanencia. Estudio en Irún.","Monthly website maintenance: updates, security, backups and real support. Included in the flat rate, with no lock-in.","Hileroko web mantentze-lanak: eguneratzeak, segurtasuna, segurtasun-kopiak eta benetako laguntza. Tarifa lauan barne, iraunkortasunik gabe. Estudioa Irunen."
"copy.ts","serviceDetails","614","Antes de escribir una sola línea de código, definimos quién eres: el logo, los colores, la tipografía y el tono con el que hablas a tus clientes. Todo lo que viene después — la web, las redes, hasta las facturas — parte de aquí.","Before writing a single line of code, we define who you are: the logo, the colours, the type and the tone you use with your customers. Everything that comes after — the website, social media, even invoices — starts here.","Kode-lerro bakar bat idatzi aurretik, nor zaren definitzen dugu: logoa, koloreak, tipografia eta zure bezeroekin erabiltzen duzun tonua. Ondoren datorren guztia — weba, sare sozialak, fakturak ere — hemendik abiatzen da."
"copy.ts","serviceDetails","620","Logo y variantes","Logo and variants","Logoa eta aldaerak"
"copy.ts","serviceDetails","622","Tu marca en positivo, en negativo y a una sola tinta, lista para cualquier soporte.","Your mark in positive, negative and single-colour versions, ready for any medium.","Zure marka positiboan, negatiboan eta tinta bakarrean, edozein euskarritarako prest."
"copy.ts","serviceDetails","629","Paleta y tipografía","Colour palette and type","Paleta eta tipografia"
"copy.ts","serviceDetails","634","Los colores y las fuentes que te van a representar en todas partes, no solo en la web.","The colours and typefaces that represent you everywhere, not just on the website.","Nonahi ordezkatuko zaituzten koloreak eta letra-tipoak, ez soilik weban."
"copy.ts","serviceDetails","640","Mini guía de marca","Mini brand guide","Marka-gida laburra"
"copy.ts","serviceDetails","642","Un documento corto con las reglas básicas, para que quien use tu marca no la desvirtúe.","A short document with the basic rules, so anyone using your brand keeps it consistent.","Oinarrizko arauak biltzen dituen dokumentu labur bat, zure marka erabiltzen duenak desitxura ez dezan."
"copy.ts","serviceDetails","650","Aún no tenemos un caso de branding público — si quieres ser el primero, hablamos.","We don't have a public branding case yet — if you want to be the first, let's talk.","Oraindik ez dugu branding kasu publikorik — lehena izan nahi baduzu, hitz egin dezagun."
"copy.ts","serviceDetails","658","Diseñamos cada pantalla pensando en tu negocio real, no en una plantilla genérica. Estructura, jerarquía visual y texto persuasivo — todo colocado con intención.","We design every screen thinking about your actual business, not a generic template. Structure, visual hierarchy and persuasive copy — all placed with intention.","Pantaila bakoitza zure benetako negozioan pentsatuz diseinatzen dugu, ez txantiloi generiko batean. Egitura, hierarkia bisuala eta testu limurtzailea — dena asmoz jarrita."
"copy.ts","serviceDetails","664","Diseño a medida","Custom design","Neurrirako diseinua"
"copy.ts","serviceDetails","666","Cada sección pensada para tu contenido real, no rellenada con texto de relleno.","Every section designed for your real content, not filled with placeholder text.","Atal bakoitza zure benetako edukirako pentsatua, ez betegarrizko testuz betea."
"copy.ts","serviceDetails","672","100% responsive","100% responsive","% 100 responsive"
"copy.ts","serviceDetails","674","Se ve bien en el móvil de tu cliente igual que en tu portátil.","Looks good on your customer's phone just as well as on your laptop.","Zure bezeroaren mugikorrean zure ordenagailu eramangarrian bezain ondo ikusten da."
"copy.ts","serviceDetails","681","SEO técnico desde la base","Technical SEO from day one","SEO teknikoa oinarritik"
"copy.ts","serviceDetails","686","Estructura y velocidad pensadas para que Google te encuentre desde el primer día.","Structure and speed built so Google finds you from day one.","Egitura eta abiadura Googlek lehen egunetik aurki zaitzan pentsatuak."
"copy.ts","serviceDetails","702","Catálogo, carrito, pagos y gestión — todo conectado para que puedas vender desde el primer día, sin depender de nosotros para cada cambio de precio.","Catalogue, cart, payments and management — all connected so you can start selling from day one, without depending on us for every price change.","Katalogoa, saskia, ordainketak eta kudeaketa — dena konektatuta lehen egunetik saltzeko, prezio-aldaketa bakoitzerako gure mende egon gabe."
"copy.ts","serviceDetails","709","Catálogo y categorías","Catalogue and categories","Katalogoa eta kategoriak"
"copy.ts","serviceDetails","714","Organiza tus productos como tiene sentido para tus clientes, no para una plantilla.","Organise your products the way your customers expect, not the way a template dictates.","Antolatu zure produktuak zure bezeroentzat zentzuzkoa den moduan, ez txantiloi batentzat."
"copy.ts","serviceDetails","721","Pasarela de pago segura","Secure payment gateway","Ordainketa-pasabide segurua"
"copy.ts","serviceDetails","726","Cobros online con los proveedores habituales, sin que tengas que gestionar tarjetas tú mismo.","Online payments with standard providers, without you having to handle card data yourself.","Online kobrantzak ohiko hornitzaileekin, txartelak zuk zeuk kudeatu beharrik gabe."
"copy.ts","serviceDetails","733","Panel de gestión propio","Your own admin panel","Kudeaketa-panel propioa"
"copy.ts","serviceDetails","738","Añade productos, cambia precios y stock tú mismo, sin escribirnos cada vez.","Add products, change prices and stock yourself, without writing to us every time.","Gehitu produktuak, aldatu prezioak eta stocka zuk zeuk, aldiro guri idatzi gabe."
"copy.ts","serviceDetails","754","Una página, un objetivo. Ideal para campañas, lanzamientos o anuncios — lista en días, no en semanas.","One page, one goal. Ideal for campaigns, launches or ads — ready in days, not weeks.","Orri bat, helburu bat. Kanpainetarako, aurkezpenetarako edo iragarkietarako ezin hobea — egun gutxitan prest, ez asteetan."
"copy.ts","serviceDetails","760","Un solo objetivo","A single goal","Helburu bakarra"
"copy.ts","serviceDetails","762","Nada de menús ni enlaces de salida — todo empuja hacia la misma acción.","No menus or exit links — everything pushes toward the same action.","Menurik eta irteera-estekarik ez — dena ekintza berera bultzatzen du."
"copy.ts","serviceDetails","768","Copy persuasivo","Persuasive copy","Testu limurtzailea"
"copy.ts","serviceDetails","770","Texto escrito para convertir, no solo para informar.","Copy written to convert, not just to inform.","Bihurtzeko idatzitako testua, ez soilik informatzeko."
"copy.ts","serviceDetails","777","Medible desde el día uno","Measurable from day one","Neurgarria lehen egunetik"
"copy.ts","serviceDetails","782","Lista para conectar analítica y medir qué funciona de verdad.","Ready to connect analytics and measure what actually works.","Analitika konektatzeko eta zerk funtzionatzen duen benetan neurtzeko prest."
"copy.ts","serviceDetails","790","Aún no tenemos una landing propia que enseñar — muy pronto.","We don't have our own landing example to show yet — coming soon.","Oraindik ez dugu geure landing orririk erakusteko — oso laster."
"copy.ts","serviceDetails","798","Interfaces claras para aplicaciones web y móviles — desde el primer boceto hasta la pantalla final, pensando en cómo la usa alguien de verdad, no en cómo queda en una presentación.","Clear interfaces for web and mobile apps — from the first sketch to the final screen, designed around how someone actually uses it, not how it looks in a slide.","Interfaze argiak web eta mugikorreko aplikazioetarako — lehen zirriborrotik azken pantailaraino, norbaitek benetan nola erabiltzen duen pentsatuz, ez aurkezpen batean nola gelditzen den."
"copy.ts","serviceDetails","805","Flujos de principio a fin","End-to-end flows","Fluxuak hasieratik amaierara"
"copy.ts","serviceDetails","810","Cada pantalla resuelve un paso concreto del usuario, sin fricción de más.","Every screen solves one concrete user step, with no extra friction.","Pantaila bakoitzak erabiltzailearen urrats zehatz bat ebazten du, gehiegizko marruskadurarik gabe."
"copy.ts","serviceDetails","817","Sistemas de diseño reutilizables","Reusable design systems","Berrerabil daitezkeen diseinu-sistemak"
"copy.ts","serviceDetails","822","Componentes consistentes que escalan cuando la aplicación crece.","Consistent components that scale as the application grows.","Osagai koherenteak, aplikazioa hazten denean eskalatzen direnak."
"copy.ts","serviceDetails","829","Prototipos navegables","Clickable prototypes","Prototipo nabigagarriak"
"copy.ts","serviceDetails","834","Pruebas la aplicación antes de que se escriba una sola línea de código de producción.","You try the app before a single line of production code is written.","Aplikazioa probatzen duzu produkzioko kode-lerro bakar bat idatzi aurretik."
"copy.ts","serviceDetails","850","Desarrollamos aplicaciones nativas para iOS y Android: el diseño, la programación y la publicación en App Store y Google Play. A diferencia del resto de servicios, una app no entra en la tarifa plana — cada proyecto se presupuesta aparte, porque no se parece en nada al anterior.","We build native apps for iOS and Android: the design, the development and the release on the App Store and Google Play. Unlike our other services, an app does not fit the flat rate — each project is quoted separately, because no two are alike.","iOS eta Androiderako aplikazio natiboak garatzen ditugu: diseinua, programazioa eta App Store eta Google Play-n argitaratzea. Gainerako zerbitzuak ez bezala, app bat ez da tarifa lauan sartzen — proiektu bakoitza aparte aurrekontatzen da, bata ez baita bestearen antzekoa."
"copy.ts","serviceDetails","857","Nativas en las dos plataformas","Native on both platforms","Natiboak bi plataformetan"
"copy.ts","serviceDetails","862","iOS y Android desarrolladas en su lenguaje propio, no una web metida dentro de una app.","iOS and Android built in their own languages, not a website wrapped inside an app.","iOS eta Android bakoitza bere hizkuntzan garatuak, ez app baten barruan sartutako web bat."
"copy.ts","serviceDetails","869","Del boceto a la tienda","From sketch to store","Zirriborrotik dendara"
"copy.ts","serviceDetails","874","Nos encargamos también de las fichas, capturas y del proceso de revisión de Apple y Google.","We also handle store listings, screenshots and the Apple and Google review process.","Fitxak, pantaila-argazkiak eta Apple eta Googleren berrikuspen-prozesua ere gure gain hartzen ditugu."
"copy.ts","serviceDetails","881","Presupuesto cerrado antes de empezar","A closed quote before we start","Aurrekontu itxia hasi aurretik"
"copy.ts","serviceDetails","886","Analizamos qué necesita la app y te damos un precio y un plazo por escrito, sin sorpresas a mitad.","We analyse what the app needs and give you a written price and timeline, with no surprises halfway.","Appak zer behar duen aztertzen dugu eta prezioa eta epea idatziz ematen dizkizugu, erdibidean ezustekorik gabe."
"copy.ts","serviceDetails","894","Todavía no tenemos una app publicada que enseñar. Preferimos decirlo antes que rellenar esto con capturas de otro.","We don't have a published app to show yet. We'd rather say so than fill this with someone else's screenshots.","Oraindik ez dugu argitaratutako apprik erakusteko. Nahiago dugu hori esan, atal hau beste baten pantaila-argazkiz bete baino."
"copy.ts","serviceDetails","902","De poco sirve una web bonita si nadie la encuentra. Trabajamos la parte técnica y el contenido para que aparezcas cuando tu cliente te busca.","A beautiful website is not much use if nobody finds it. We work the technical side and the content so you show up when your customer searches for you.","Web polit batek ez du ezertarako balio inork aurkitzen ez badu. Alde teknikoa eta edukia lantzen ditugu, zure bezeroak bilatzen zaituenean ager zaitezen."
"copy.ts","serviceDetails","908","SEO técnico","Technical SEO","SEO teknikoa"
"copy.ts","serviceDetails","910","Velocidad, estructura y metadatos — la base que Google necesita para entenderte.","Speed, structure and metadata — the foundation Google needs to understand you.","Abiadura, egitura eta metadatuak — Googlek zu ulertzeko behar duen oinarria."
"copy.ts","serviceDetails","917","Contenido pensado para buscar","Content built for search","Bilaketarako pentsatutako edukia"
"copy.ts","serviceDetails","922","Textos escritos para las preguntas reales que hace tu cliente, no solo para sonar bien.","Copy written for the real questions your customers ask, not just to sound good.","Zure bezeroak egiten dituen benetako galderetarako idatzitako testuak, ez soilik ondo entzuteko."
"copy.ts","serviceDetails","929","Seguimiento de posiciones","Ranking tracking","Posizioen jarraipena"
"copy.ts","serviceDetails","934","Medimos si subes en Google, no solo si publicamos contenido.","We measure whether you climb in Google, not just whether content gets published.","Googlen igotzen ari zaren neurtzen dugu, ez soilik edukia argitaratzen dugun."
"copy.ts","serviceDetails","950","Una web no se acaba el día del lanzamiento. Nos encargamos de que siga funcionando, segura y actualizada — para que no tengas que pensar en ello.","A website isn't finished on launch day. We make sure it keeps running, secure and up to date — so you don't have to think about it.","Web bat ez da abiarazteko egunean amaitzen. Guk zaintzen dugu funtzionatzen jarrai dezan, segurua eta eguneratua — zuk horretan pentsatu behar ez izateko."
"copy.ts","serviceDetails","957","Actualizaciones y seguridad","Updates and security","Eguneratzeak eta segurtasuna"
"copy.ts","serviceDetails","962","Parcheamos y actualizamos por ti, sin que tengas que estar pendiente.","We patch and update on your behalf, without you needing to keep watch.","Guk adabakitzen eta eguneratzen dugu zure ordez, zu adi egon beharrik gabe."
"copy.ts","serviceDetails","968","Copias de seguridad","Backups","Segurtasun-kopiak"
"copy.ts","serviceDetails","970","Si algo falla, hay una versión anterior a la que volver.","If something breaks, there is a previous version to fall back to.","Zerbaitek huts eginez gero, aurreko bertsio batera itzul daiteke."
"copy.ts","serviceDetails","976","Soporte real","Real support","Benetako laguntza"
"copy.ts","serviceDetails","978","Nos escribes, te respondemos — no un ticket que desaparece en un buzón.","You write to us, we reply — not a ticket that disappears into an inbox.","Zuk idatzi, guk erantzun — ez postontzi batean desagertzen den txartel bat."
"copy.ts","serviceDetails","986","Es un servicio continuo, no un proyecto puntual — por eso no lleva un ejemplo cerrado.","It's an ongoing service, not a one-off project — that's why it has no single example.","Zerbitzu jarraitua da, ez proiektu puntual bat — horregatik ez du adibide itxirik."
"copy.ts","SERVICE_PAGE","995","← Volver al inicio","← Back to home","← Hasierara itzuli"
"copy.ts","SERVICE_PAGE","996","Servicios","Services","Zerbitzuak"
"copy.ts","SERVICE_PAGE","997","Qué incluye","What's included","Zer sartzen den"
"copy.ts","SERVICE_PAGE","998","Ejemplo real","Real example","Benetako adibidea"
"copy.ts","SERVICE_PAGE","999","Ver sitio →","Visit site →","Gunea ikusi →"
"copy.ts","SERVICE_PAGE","1001","¿Hablamos de tu proyecto? →","Let's talk about your project →","Zure proiektuaz hitz egingo dugu? →"
"copy.ts","PROYECTOS_INTRO","1009","(QUÉ INCLUYE / 02)","(WHAT YOU GET / 02)","(ZER SARTZEN DEN / 02)"
"copy.ts","PROYECTOS_INTRO","1010","QUÉ TE LLEVAS","WHAT YOU GET","ZER ERAMATEN DUZUN"
"copy.ts","PROYECTOS_INTRO","1012","Entregables claros, cero sorpresas — justo lo que acaba en tus manos.","Clear deliverables, zero surprises — exactly what ends up in your hands.","Entregagai argiak, ezustekorik gabe — zure eskuetara iristen dena, zehazki."
"copy.ts","packages","1021","Web a medida","Custom website","Neurrirako weba"
"copy.ts","packages","1023","Tu sitio diseñado desde cero, sin plantillas.","Your site designed from scratch — no templates.","Zure gunea hutsetik diseinatua, txantiloirik gabe."
"copy.ts","packages","1029","Diseño único para tu marca","A design unique to your brand","Zure markarako diseinu bakarra"
"copy.ts","packages","1034","100% responsive (móvil y escritorio)","100% responsive (mobile & desktop)","% 100 responsive (mugikorra eta mahaigaina)"
"copy.ts","packages","1038","Rápida y optimizada","Fast and optimized","Azkarra eta optimizatua"
"copy.ts","packages","1039","SEO básico incluido","Basic SEO included","Oinarrizko SEOa barne"
"copy.ts","packages","1044","Tienda online","Online store","Online denda"
"copy.ts","packages","1046","Lista para empezar a vender desde el día uno.","Ready to start selling from day one.","Lehen egunetik saltzen hasteko prest."
"copy.ts","packages","1051","Catálogo de productos","Product catalogue","Produktuen katalogoa"
"copy.ts","packages","1053","Pasarela de pago segura","Secure payment gateway","Ordainketa-pasabide segurua"
"copy.ts","packages","1058","Gestión fácil para ti","Easy to manage yourself","Zuretzat kudeaketa erraza"
"copy.ts","packages","1062","Pensada para convertir","Built to convert","Bihurtzeko pentsatua"
"copy.ts","packages","1067","Branding","Branding","Brandinga"
"copy.ts","packages","1069","Una identidad que hace que te recuerden.","An identity that makes you memorable.","Gogoan hartuko zaituzten identitate bat."
"copy.ts","packages","1074","Logo y marca","Logo and wordmark","Logoa eta marka"
"copy.ts","packages","1076","Paleta de color y tipografías","Colour palette and type","Kolore-paleta eta tipografiak"
"copy.ts","packages","1080","Mini guía de uso","Mini brand guide","Erabilera-gida laburra"
"copy.ts","packages","1081","Coherencia en todo","Consistency everywhere","Koherentzia guztian"
"copy.ts","packages","1086","Landing / campaña","Landing / campaign","Landing / kanpaina"
"copy.ts","packages","1088","Una página, un objetivo: convertir.","One page, one goal: convert.","Orri bat, helburu bat: bihurtzea."
"copy.ts","packages","1094","Enfocada en un solo objetivo","Focused on a single goal","Helburu bakarrera bideratua"
"copy.ts","packages","1098","Texto persuasivo","Persuasive copy","Testu limurtzailea"
"copy.ts","packages","1099","Lista en pocos días","Ready in a few days","Egun gutxitan prest"
"copy.ts","packages","1101","Medible y optimizable","Measurable and optimizable","Neurgarria eta optimizagarria"
"copy.ts","MANIFIESTO","1111","(MANIFIESTO)","(MANIFESTO)","(MANIFESTUA)"
"copy.ts","MANIFIESTO","1113","No vendemos plantillas. Diseñamos cada píxel a propósito — para que tu marca no se parezca a ninguna otra.","We don't sell templates. We design every pixel on purpose — so your brand looks like nobody else's.","Ez dugu txantiloirik saltzen. Pixel bakoitza asmoz diseinatzen dugu — zure marka beste inorenaren antzekoa izan ez dadin."
"copy.ts","commitments","1122","Revisiones sin límite en el diseño","Unlimited design revisions","Diseinuan berrikuspen mugagabeak"
"copy.ts","commitments","1127","Hasta que estés 100% contento con tu web.","Until you're 100% happy with your site.","Zure webarekin % 100 pozik egon arte."
"copy.ts","commitments","1133","Entrega rápida","Fast delivery","Entrega azkarra"
"copy.ts","commitments","1135","Plazos cortos, sin esperas eternas.","Short timelines, no endless waits.","Epe laburrak, amaigabeko itxaronaldirik gabe."
"copy.ts","commitments","1141","Sin permanencias","No lock-ins","Iraunkortasunik gabe"
"copy.ts","commitments","1143","Ni letra pequeña. Cero sorpresas.","No fine print. Zero surprises.","Letra txikirik ez. Ezustekorik ez."
"copy.ts","commitments","1149","Dedicación total","Full dedication","Erabateko dedikazioa"
"copy.ts","commitments","1151","Trato directo y foco en tu proyecto.","Direct contact, focused on your project.","Harreman zuzena eta zure proiektuan jarritako arreta."
"copy.ts","PROCESO_INTRO","1160","(PROCESO / 03)","(PROCESS / 03)","(PROZESUA / 03)"
"copy.ts","PROCESO_INTRO","1161","CÓMO TRABAJAMOS","HOW WE WORK","NOLA EGITEN DUGUN LAN"
"copy.ts","steps","1167","Descubrimiento","Discovery","Deskubritzea"
"copy.ts","steps","1169","Entendemos tu negocio, tu público y tus objetivos.","We understand your business, audience and goals.","Zure negozioa, zure publikoa eta zure helburuak ulertzen ditugu."
"copy.ts","steps","1176","Diseño","Design","Diseinua"
"copy.ts","steps","1178","Damos forma a la identidad y a cada pantalla, contigo.","We shape the identity and every screen, with you.","Identitateari eta pantaila bakoitzari forma ematen diegu, zurekin."
"copy.ts","steps","1185","Desarrollo","Development","Garapena"
"copy.ts","steps","1187","Construimos una web rápida, segura y lista para crecer.","We build a fast, secure site ready to grow.","Web azkar, seguru eta hazteko prest dagoen bat eraikitzen dugu."
"copy.ts","steps","1194","Lanzamiento","Launch","Abiaraztea"
"copy.ts","steps","1196","Publicamos, medimos y te acompañamos después.","We publish, measure and support you after.","Argitaratu, neurtu eta ondoren ere zure ondoan jarraitzen dugu."
"copy.ts","TARIFAS_INTRO","1205","(TARIFAS / 05)","(PRICING / 05)","(TARIFAK / 05)"
"copy.ts","TARIFAS_INTRO","1206","TARIFAS PLANAS","FLAT-RATE PLANS","TARIFA LAUAK"
"copy.ts","TARIFAS_INTRO","1208","Una cuota fija al mes. Hosting, SSL y mantenimiento — todo dentro. Sin facturas raras.","One fixed fee a month. Hosting, SSL and maintenance — all in. No weird invoices.","Hileroko kuota finko bat. Hostinga, SSLa eta mantentze-lanak — dena barne. Faktura arrarorik gabe."
"copy.ts","TARIFAS_INTRO","1212","DESDE","FROM","HEMENDIK AURRERA"
"copy.ts","TARIFAS_INTRO","1213","/mes","/mo","/hil"
"copy.ts","TARIFAS_INTRO","1214","+ alta única","+ one-time setup","+ hasierako kuota"
"copy.ts","TARIFAS_INTRO","1215","Sin cuota de alta","No setup fee","Hasierako kuotarik gabe"
"copy.ts","TARIFAS_INTRO","1216","CAMBIOS INCLUIDOS","INCLUDED CHANGES","ALDAKETAK BARNE"
"copy.ts","TARIFAS_INTRO","1217","EMPEZAR →","GET STARTED →","HASI →"
"copy.ts","TARIFAS_INTRO","1219","DESLIZA PARA VER LOS PLANES →","SWIPE TO SEE THE PLANS →","LERRATU PLANAK IKUSTEKO →"
"copy.ts","TARIFAS_INTRO","1224","* Precios sin IVA. Dominio sujeto a disponibilidad y precio, pago único aparte. Cada plan incluye una alta única de puesta en marcha (ver cada tarjeta). En Tienda online y Premium, gestionar tu catálogo desde tu propio panel no cuenta como cambio; las comisiones de la pasarela de pago las cobra directamente tu proveedor de pago. Sin permanencia — cancela cuando quieras.","* Prices exclude VAT. Domain subject to availability and price, one-time payment. Each plan includes a one-time setup fee (see each card). On Online store and Premium, managing your catalogue from your own panel doesn't count as a change; payment gateway fees are charged directly by your payment provider. No lock-in — cancel whenever you want.","* Prezioak BEZ gabe. Domeinua erabilgarritasunaren eta prezioaren mende, ordainketa bakarra aparte. Plan bakoitzak abian jartzeko hasierako kuota bakar bat barne hartzen du (ikus txartel bakoitza). Online denda eta Premium planetan, zure katalogoa zure panelatik kudeatzea ez da aldaketatzat hartzen; ordainketa-pasabidearen komisioak zure ordainketa-hornitzaileak kobratzen ditu zuzenean. Iraunkortasunik gabe — utzi bertan behera nahi duzunean."
"copy.ts","plans","1242","Esencial","Essential","Funtsezkoa"
"copy.ts","plans","1247","Tu presencia online, lista y sin preocupaciones.","Your online presence, sorted and worry-free.","Zure online presentzia, prest eta kezkarik gabe."
"copy.ts","plans","1252","Web de hasta 5 páginas","Website up to 5 pages","5 orrialde arteko weba"
"copy.ts","plans","1253","Hosting + SSL incluidos","Hosting + SSL included","Hostinga + SSLa barne"
"copy.ts","plans","1254","Dominio gestionado*","Managed domain*","Domeinu kudeatua*"
"copy.ts","plans","1256","Mantenimiento y actualizaciones","Maintenance & updates","Mantentze-lanak eta eguneratzeak"
"copy.ts","plans","1260","Soporte por email","Email support","Laguntza emailez"
"copy.ts","plans","1263","Hasta 2 cambios de contenido/mes","Up to 2 content changes/mo","Hilean 2 eduki-aldaketa arte"
"copy.ts","plans","1270","Profesional","Professional","Profesionala"
"copy.ts","plans","1271","POPULAR","POPULAR","POPULARRA"
"copy.ts","plans","1275","Para negocios que quieren crecer en serio.","For businesses that want to grow for real.","Benetan hazi nahi duten negozioentzat."
"copy.ts","plans","1280","Todo lo de Esencial","Everything in Essential","Funtsezkoaren guztia"
"copy.ts","plans","1281","Hasta 15 páginas","Up to 15 pages","15 orrialde arte"
"copy.ts","plans","1282","Blog y formularios","Blog and forms","Bloga eta inprimakiak"
"copy.ts","plans","1284","SEO y velocidad optimizados","SEO & speed optimized","SEOa eta abiadura optimizatuak"
"copy.ts","plans","1288","Soporte prioritario","Priority support","Lehentasunezko laguntza"
"copy.ts","plans","1291","Hasta 5 cambios de contenido/mes","Up to 5 content changes/mo","Hilean 5 eduki-aldaketa arte"
"copy.ts","plans","1298","Tienda online","Online store","Online denda"
"copy.ts","plans","1303","Vende online con login, carrito y pagos.","Sell online with login, cart and payments.","Saldu online saioa hasteko aukerarekin, saskiarekin eta ordainketekin."
"copy.ts","plans","1309","Todo lo de Profesional","Everything in Professional","Profesionalaren guztia"
"copy.ts","plans","1314","Carrito y pasarela de pago","Cart & payment gateway","Saskia eta ordainketa-pasabidea"
"copy.ts","plans","1319","Login y área de clientes","Login & customer area","Saioa hastea eta bezeroen gunea"
"copy.ts","plans","1324","Gestión de productos y stock","Product & stock management","Produktuen eta stockaren kudeaketa"
"copy.ts","plans","1328","Integraciones a medida","Custom integrations","Neurrirako integrazioak"
"copy.ts","plans","1331","Hasta 5 cambios de contenido/diseño al mes*","Up to 5 content/design changes a month*","Hilean 5 eduki/diseinu aldaketa arte*"
"copy.ts","plans","1338","Premium","Premium","Premium"
"copy.ts","plans","1339","SIN ALTA","NO SETUP FEE","HASIERAKO KUOTARIK EZ"
"copy.ts","plans","1343","Para negocios que se han quedado pequeños en Tienda online.","For businesses that have outgrown Online store.","Online denda planean txiki geratu diren negozioentzat."
"copy.ts","plans","1349","Todo lo de Tienda online","Everything in Online store","Online dendaren guztia"
"copy.ts","plans","1354","Catálogo de productos sin límite","Unlimited product catalogue","Produktu-katalogo mugagabea"
"copy.ts","plans","1359","Integraciones avanzadas (marketplaces, CRM, email marketing)","Advanced integrations (marketplaces, CRM, email marketing)","Integrazio aurreratuak (marketplaceak, CRM, email marketinga)"
"copy.ts","plans","1364","Informe mensual de rendimiento","Monthly performance report","Hileroko errendimendu-txostena"
"copy.ts","plans","1369","Soporte prioritario por WhatsApp/teléfono","Priority WhatsApp/phone support","Lehentasunezko laguntza WhatsAppez/telefonoz"
"copy.ts","plans","1374","Llamada mensual de seguimiento","Monthly check-in call","Hileroko jarraipen-deia"
"copy.ts","plans","1380","Hasta 12 cambios de contenido/diseño al mes","Up to 12 content/design changes a month","Hilean 12 eduki/diseinu aldaketa arte"
"copy.ts","FAQ_INTRO","1389","(FAQ / 06)","(FAQ / 06)","(FAQ / 06)"
"copy.ts","FAQ_INTRO","1390","PREGUNTAS FRECUENTES","FREQUENTLY\nASKED","OHIKO GALDERAK"
"copy.ts","FAQ_INTRO","1392","Lo que casi todo el mundo nos pregunta antes de empezar. ¿Te queda otra duda? Escríbenos.","What almost everyone asks before starting. Still have a question? Just write to us.","Ia guztiek hasi aurretik galdetzen digutena. Beste zalantzarik duzu? Idatzi iezaguzu."
"copy.ts","faqs","1401","¿Cuánto tarda un proyecto?","How long does a project take?","Zenbat denbora behar du proiektu batek?"
"copy.ts","faqs","1406","Una landing puede estar lista en pocos días; una web a medida o una tienda, entre 2 y 4 semanas según el alcance. Fijamos plazos claros antes de empezar.","A landing page can be ready in a few days; a custom site or store, 2 to 4 weeks depending on scope. We agree on clear timelines before starting.","Landing bat egun gutxitan egon daiteke prest; neurrirako web bat edo denda bat, 2 eta 4 aste artean irismenaren arabera. Epe argiak finkatzen ditugu hasi aurretik."
"copy.ts","faqs","1413","¿Qué incluye la cuota mensual?","What's included in the monthly fee?","Zer sartzen da hileroko kuotan?"
"copy.ts","faqs","1418","Hosting, certificado SSL, dominio gestionado, mantenimiento y actualizaciones. Una sola cuota fija, sin facturas sorpresa.","Hosting, SSL certificate, managed domain, maintenance and updates. One fixed fee, no surprise invoices.","Hostinga, SSL ziurtagiria, domeinu kudeatua, mantentze-lanak eta eguneratzeak. Kuota finko bakarra, ezusteko fakturarik gabe."
"copy.ts","faqs","1425","¿Hay algún coste además de la cuota mensual?","Is there any cost besides the monthly fee?","Hileroko kuotaz gain, beste kosturik badago?"
"copy.ts","faqs","1430","Solo una alta única al empezar (entre 49€ y 129€ según el plan; gratis en Premium) que cubre la puesta en marcha. Aparte de eso, únicamente el dominio es un pago aparte si lo compramos por ti. Sin sorpresas después.","Just a one-time setup fee when you start (between €49 and €129 depending on the plan; free on Premium) that covers getting everything up and running. Beyond that, only the domain is a separate payment if we buy it for you. No surprises after that.","Hasieran hasierako kuota bakar bat besterik ez (49 € eta 129 € artean planaren arabera; doan Premium planean), abian jartzea estaltzen duena. Horretaz aparte, domeinua bakarrik da aparteko ordainketa, guk zure izenean erosten badugu. Ondoren ezustekorik ez."
"copy.ts","faqs","1436","¿Hay permanencia?","Is there a lock-in?","Iraunkortasunik badago?"
"copy.ts","faqs","1438","Ninguna. Sin permanencias ni letra pequeña: puedes cancelar cuando quieras.","None. No lock-ins, no fine print: you can cancel whenever you want.","Bat ere ez. Iraunkortasunik eta letra txikirik gabe: nahi duzunean utz dezakezu."
"copy.ts","faqs","1445","¿Tengo que preocuparme del dominio o la parte técnica?","Do I have to worry about the domain or the technical side?","Domeinuaz edo alde teknikoaz arduratu behar dut?"
"copy.ts","faqs","1450","No, de eso nos encargamos nosotros. Compramos el dominio por ti —es un pago único aparte de la cuota, ya que su precio depende del nombre que elijas— y desarrollamos y mantenemos toda la web en casa. Mientras sigas con tu tarifa plana, tu web está siempre online, actualizada y a punto — y si algún día decides no continuar, la damos de baja sin complicaciones.","No, we take care of all that. We buy the domain for you —a one-time purchase separate from your monthly fee, since its price depends on the name you choose— and we build and maintain the whole site in-house. As long as you keep your flat-rate plan, your website stays online, updated and in shape — and if one day you decide not to continue, we take it down with no hassle.","Ez, horretaz guk arduratzen gara. Domeinua zure izenean erosten dugu —kuotatik aparteko ordainketa bakarra da, bere prezioa aukeratzen duzun izenaren araberakoa baita— eta web osoa etxean garatu eta mantentzen dugu. Zure tarifa lauarekin jarraitzen duzun bitartean, zure weba beti online, eguneratuta eta prest dago — eta egunen batean jarraitu nahi ez baduzu, konplikaziorik gabe kentzen dugu."
"copy.ts","faqs","1457","¿Hacéis cambios después del lanzamiento?","Do you make changes after launch?","Aldaketarik egiten duzue abiarazi ondoren?"
"copy.ts","faqs","1462","Sí. Cada plan incluye un número de cambios de contenido al mes (2 en Esencial, 5 en Profesional y Tienda online, 12 en Premium), y seguimos contigo para que la web crezca con tu negocio.","Yes. Each plan includes a number of monthly content changes (2 on Essential, 5 on Professional and Online store, 12 on Premium), and we stay with you so the site grows with your business.","Bai. Plan bakoitzak hilean eduki-aldaketa kopuru bat barne hartzen du (2 Funtsezkoan, 5 Profesionalean eta Online dendan, 12 Premiumean), eta zurekin jarraitzen dugu weba zure negozioarekin batera hazteko."
"copy.ts","faqs","1469","¿Y si ya tengo web o marca?","What if I already have a site or brand?","Eta jada weba edo marka badut?"
"copy.ts","faqs","1474","Perfecto. Partimos de lo que ya tienes: rediseñamos, migramos o ampliamos sin empezar de cero salvo que tú quieras.","Great. We build on what you already have: redesign, migrate or extend — no starting from scratch unless you want to.","Ezin hobeto. Dagoeneko duzunetik abiatzen gara: berdiseinatu, migratu edo zabaldu egiten dugu, hutsetik hasi gabe, zuk hala nahi ezean."
"copy.ts","faqs","1484","¿Cuánto cuesta una página web en Irún o San Sebastián?","How much does a website cost in Irún or San Sebastián?","Zenbat balio du web orri batek Irunen edo Donostian?"
"copy.ts","faqs","1489","Con nosotros no pagas 1.500 € de golpe: trabajamos con tarifa plana desde 29 €/mes más un alta única desde 49 €, y ahí dentro va el diseño, el alojamiento, el SSL y el mantenimiento. Una web de comercio o restaurante suele encajar en el plan Esencial o Profesional; una tienda online, en el de 99 €/mes.","You don't pay €1,500 upfront: we work on a flat rate from €29/mo plus a one-time setup from €49, and that covers design, hosting, SSL and maintenance. A shop or restaurant site usually fits the Essential or Professional plan; an online store, the €99/mo one.","Gurekin ez duzu 1.500 € kolpetik ordaintzen: tarifa lauarekin egiten dugu lan, 29 €/hilabetetik aurrera eta 49 €-tik aurrerako hasierako kuota bakar batekin, eta hor barruan doaz diseinua, ostatatzea, SSLa eta mantentze-lanak. Denda edo jatetxe baten webak Funtsezko edo Profesional planean egiten du bat normalean; online denda batek, 99 €/hilabetekoan."
"copy.ts","faqs","1496","¿Trabajáis solo con negocios de Irún?","Do you only work with businesses from Irún?","Irungo negozioekin bakarrik egiten duzue lan?"
"copy.ts","faqs","1501","No. Somos de Irún y de ahí viene buena parte de nuestros clientes, pero trabajamos en remoto: con toda Gipuzkoa —Donostia-San Sebastián, Hondarribia, Errenteria, Oiartzun, Pasaia, Lezo, Hernani— y con cualquier punto de España. Todo se lleva por videollamada, email y WhatsApp, sin que tengas que desplazarte a ningún sitio.","No. We are from Irún and a good share of our clients are from here, but we work remotely: across Gipuzkoa —Donostia-San Sebastián, Hondarribia, Errenteria, Oiartzun, Pasaia, Lezo, Hernani— and anywhere in Spain. Everything runs over video call, email and WhatsApp, with no need for you to travel anywhere.","Ez. Irungoak gara eta gure bezeroen zati handi bat hemengoa da, baina urrunetik egiten dugu lan: Gipuzkoa osoarekin —Donostia, Hondarribia, Errenteria, Oiartzun, Pasaia, Lezo, Hernani— eta Espainiako edozein tokitarekin. Dena bideo-deiz, emailez eta WhatsAppez eramaten da, inora joan beharrik gabe."
"copy.ts","EMPEZAR","1516","Pide presupuesto para tu web | arianet, Irún","Get a quote for your website | arianet","Eskatu aurrekontua zure webarentzat | arianet, Irun"
"copy.ts","EMPEZAR","1521","Cuéntanos qué necesitas y te enviamos presupuesto en menos de 24 horas, sin compromiso. Páginas web y tiendas online en Irún, San Sebastián y Gipuzkoa.","Tell us what you need and we will send you a quote within 24 hours, no strings attached. Websites and online stores, built remotely from the Basque Country.","Kontatu iezaguzu zer behar duzun eta 24 ordu baino gutxiagoan bidaliko dizugu aurrekontua, konpromisorik gabe. Web orriak eta online dendak Irunen, Donostian eta Gipuzkoan."
"copy.ts","EMPEZAR","1526","(EMPEZAR PROYECTO)","(START A PROJECT)","(PROIEKTUA HASI)"
"copy.ts","EMPEZAR","1528","CUÉNTANOS DE TU PROYECTO","TELL US ABOUT YOUR PROJECT","KONTATU IEZAGUZU ZURE PROIEKTUA"
"copy.ts","EMPEZAR","1533","Unas pocas preguntas para entender qué necesitas. Sin ningún compromiso: te respondemos en menos de 24 horas.","A few questions so we understand what you need. No commitment at all: we reply within 24 hours.","Galdera gutxi batzuk zer behar duzun ulertzeko. Inolako konpromisorik gabe: 24 ordu baino gutxiagoan erantzuten dizugu."
"copy.ts","EMPEZAR","1537","← Volver al inicio","← Back to home","← Hasierara itzuli"
"copy.ts","EMPEZAR","1541","Tus datos","Your details","Zure datuak"
"copy.ts","EMPEZAR","1542","Nombre","Name","Izena"
"copy.ts","EMPEZAR","1543","Email","Email","Emaila"
"copy.ts","EMPEZAR","1544","Teléfono (opcional)","Phone (optional)","Telefonoa (aukerakoa)"
"copy.ts","EMPEZAR","1548","Tu negocio","Your business","Zure negozioa"
"copy.ts","EMPEZAR","1550","¿Cómo se llama tu negocio?","What's your business called?","Nola du izena zure negozioak?"
"copy.ts","EMPEZAR","1555","¿A qué te dedicas? Cuéntanoslo con tus palabras.","What do you do? Tell us in your own words.","Zertan zabiltza? Kontatu iezaguzu zure hitzekin."
"copy.ts","EMPEZAR","1560","¿Ya tienes una web?","Do you already have a website?","Jada baduzu weba?"
"copy.ts","EMPEZAR","1564","Sí","Yes","Bai"
"copy.ts","EMPEZAR","1565","No","No","Ez"
"copy.ts","EMPEZAR","1567","URL de tu web actual (opcional)","Your current website URL (optional)","Zure oraingo webaren URLa (aukerakoa)"
"copy.ts","EMPEZAR","1574","Qué necesitas","What you need","Zer behar duzun"
"copy.ts","EMPEZAR","1576","Elige el plan que más se ajuste. Si no lo tienes claro, dínoslo y te aconsejamos nosotros.","Pick the plan that fits best. If you're not sure, tell us and we'll advise you.","Aukeratu ondoen egokitzen den plana. Argi ez baduzu, esaguzu eta guk aholkatuko dizugu."
"copy.ts","EMPEZAR","1581","No lo tengo claro, aconsejadme","I'm not sure, advise me","Ez daukat argi, aholkatu iezadazue"
"copy.ts","EMPEZAR","1589","Qué estilo te gusta","What style do you like","Zein estilo gustatzen zaizun"
"copy.ts","EMPEZAR","1594","Son 3 proyectos reales nuestros, cada uno con una personalidad distinta. Elige el que más se acerque a lo que imaginas para ti.","These are 3 real projects of ours, each with a different personality. Pick the one closest to what you imagine for yourself.","Gure 3 benetako proiektu dira, bakoitza nortasun desberdinarekin. Aukeratu zeuretzat irudikatzen duzunetik gertuen dagoena."
"copy.ts","EMPEZAR","1599","No tengo preferencia, aconsejadme","No preference, advise me","Ez dut lehentasunik, aholkatu iezadazue"
"copy.ts","EMPEZAR","1607","Elegante y premium","Elegant and premium","Dotorea eta premium"
"copy.ts","EMPEZAR","1613","Atrevido y con carácter","Bold and full of character","Ausarta eta izaeraduna"
"copy.ts","EMPEZAR","1621","Limpio y minimalista","Clean and minimal","Garbia eta minimalista"
"copy.ts","EMPEZAR","1627","Algo más","Anything else","Beste zerbait"
"copy.ts","EMPEZAR","1629","¿Algo más que debamos saber? Referencias, plazos, lo que sea.","Anything else we should know? References, timelines, anything at all.","Beste zerbait jakin behar dugu? Erreferentziak, epeak, edozer."
"copy.ts","EMPEZAR","1634","ENVIAR →","SEND →","BIDALI →"
"copy.ts","EMPEZAR","1635","ENVIANDO…","SENDING…","BIDALTZEN…"
"copy.ts","EMPEZAR","1636","* Campo obligatorio","* Required field","* Nahitaezko eremua"
"copy.ts","EMPEZAR","1640","No hemos podido enviar tu solicitud. Comprueba tu conexión e inténtalo de nuevo, o escríbenos directamente.","We couldn't send your request. Check your connection and try again, or email us directly.","Ezin izan dugu zure eskaera bidali. Egiaztatu zure konexioa eta saiatu berriro, edo idatzi iezaguzu zuzenean."
"copy.ts","EMPEZAR","1644","ESCRIBIR UN EMAIL →","SEND AN EMAIL →","EMAIL BAT IDATZI →"
"copy.ts","EMPEZAR","1649","¡Gracias! Pedido recibido.","Thanks! Order received.","Eskerrik asko! Eskaera jasota."
"copy.ts","EMPEZAR","1654","Hemos recibido tu pedido — en breve te llegará un email de confirmación. Te escribiremos en menos de 24 horas para poner en marcha tu web y acordar la forma de pago. No pagas nada por adelantado.","We've received your order — a confirmation email is on its way. We'll write to you within 24 hours to get your website started and arrange payment. You don't pay anything upfront.","Zure eskaera jaso dugu — laster helduko zaizu berrespen-email bat. 24 ordu baino gutxiagoan idatziko dizugu zure weba abian jartzeko eta ordaintzeko modua adosteko. Ez duzu ezer aurretik ordaintzen."
"copy.ts","EMPEZAR","1662","¡Gracias!","Thanks!","Eskerrik asko!"
"copy.ts","EMPEZAR","1664","Hemos recibido tu pedido y en breve te llegará un email de confirmación. Te responderemos en menos de 24 horas con el plan que mejor encaja contigo, antes de pedirte nada de pago.","We've received your order and a confirmation email is on its way. We'll get back to you within 24 hours with the plan that fits best, before asking for any payment.","Zure eskaera jaso dugu eta laster helduko zaizu berrespen-email bat. 24 ordu baino gutxiagoan erantzungo dizugu zuri ondoen egokitzen zaizun planarekin, ordainketarik eskatu aurretik."
"copy.ts","CTA","1673","(CONTACTO / 08)","(CONTACT / 08)","(KONTAKTUA / 08)"
"copy.ts","CTA","1674","¿HABLAMOS?","LET'S TALK?","HITZ EGINGO DUGU?"
"copy.ts","CTA","1676","Cuéntanos dónde estás y a dónde quieres llegar. Te respondemos en menos de 24 horas.","Tell us where you are and where you want to go. We reply within 24 hours.","Kontatu iezaguzu non zauden eta nora iritsi nahi duzun. 24 ordu baino gutxiagoan erantzuten dizugu."
"copy.ts","CTA","1680","EMPEZAR PROYECTO →","START A PROJECT →","PROIEKTUA HASI →"
"copy.ts","localPages","1720","PÁGINAS WEB","WEBSITES","WEB ORRIAK"
"copy.ts","localPages","1721","EN IRÚN","IN IRÚN","IRUNEN"
"copy.ts","localPages","1724","Somos de Irún y trabajamos en remoto, sin oficina de cara al público. Eso no nos aleja de ti: significa que no pagas metros cuadrados vacíos y que puedes contratar tu web sin salir de tu negocio.","We are from Irún and we work remotely, with no walk-in office. That does not put distance between us: it means you are not paying for empty square metres, and you can commission your website without leaving your business.","Irungoak gara eta urrunetik egiten dugu lan, jendaurreko bulegorik gabe. Horrek ez gaitu zugandik urruntzen: metro koadro hutsik ordaintzen ez dituzula esan nahi du, eta zure weba zure negoziotik atera gabe kontrata dezakezula."
"copy.ts","localPages","1731","Un estudio de aquí","A studio from here","Hemengo estudio bat"
"copy.ts","localPages","1733","Conocemos Irún: sabemos la diferencia entre un comercio del centro y uno de Anaka, y que en verano el cliente que entra por tu puerta puede venir de Hendaya. Eso cambia cómo se plantea una web — qué idiomas, qué horarios, qué se enseña primero. No hace falta vernos para que eso se note.","We know Irún: we know the difference between a shop downtown and one in Anaka, and that in summer the customer walking in may be coming from Hendaye. That changes how you plan a website — which languages, which opening hours, what you show first. We don't need to meet for that to show.","Irun ezagutzen dugu: badakigu zer alde dagoen erdiguneko denda baten eta Anakako baten artean, eta udan zure atetik sartzen den bezeroa Hendaiatik etor daitekeela. Horrek aldatzen du web bat nola planteatzen den — zein hizkuntza, zein ordutegi, zer erakusten den lehenengo. Ez da beharrezkoa elkar ikustea hori nabaritzeko."
"copy.ts","localPages","1741","Para el comercio del Bidasoa","For Bidasoa businesses","Bidasoako merkataritzarentzat"
"copy.ts","localPages","1746","Tiendas, bares y restaurantes, talleres, clínicas, autónomos y pymes. Si vendes en local, tu web tiene que llevar gente a la puerta; si vendes online, tiene que cobrar sin fricción. Montamos una cosa o la otra, no un folleto bonito que no hace nada.","Shops, bars and restaurants, workshops, clinics, freelancers and small businesses. If you sell locally, your site has to bring people through the door; if you sell online, it has to take payment without friction. We build one or the other — not a pretty brochure that does nothing.","Dendak, tabernak eta jatetxeak, tailerrak, klinikak, autonomoak eta ETEak. Bertan saltzen baduzu, zure webak jendea aterantz eraman behar du; online saltzen baduzu, marruskadurarik gabe kobratu behar du. Bata edo bestea muntatzen dugu, ez ezer egiten ez duen liburuxka polit bat."
"copy.ts","localPages","1754","Que te encuentren los de aquí","So local people find you","Hemengoek aurki zaitzaten"
"copy.ts","localPages","1759","De poco sirve salir en Google en Sevilla si tu cliente está a tres calles. Trabajamos el posicionamiento local: ficha de empresa en Google, datos coherentes, contenido escrito para lo que la gente busca de verdad en Irún.","Ranking in Seville is no use if your customer is three streets away. We work on local search: your Google business profile, consistent data, and content written for what people actually search for in Irún.","Ez du askorako balio Sevillan Googlen ateratzeak zure bezeroa hiru kale harago badago. Tokiko posizionamendua lantzen dugu: Googleko enpresa-fitxa, datu koherenteak, jendeak Irunen benetan bilatzen duenerako idatzitako edukia."
"copy.ts","localPages","1766","Una cuota y ya está","One fee and done","Kuota bat eta kito"
"copy.ts","localPages","1768","Nada de 1.500 € de golpe y luego arréglatelas. Una cuota fija desde 29 €/mes con el alojamiento, el certificado, el mantenimiento y los cambios dentro. Si un día no te interesa, te vas: no hay permanencia.","No €1,500 upfront and then you're on your own. A fixed fee from €29/mo with hosting, certificate, maintenance and changes included. If one day it stops making sense, you leave: there's no lock-in.","1.500 € kolpetik eta gero moldatu zaitez, hori ez. Kuota finko bat 29 €/hilabetetik aurrera, ostatatzea, ziurtagiria, mantentze-lanak eta aldaketak barne. Egunen batean interesatzen ez bazaizu, joan egiten zara: ez dago iraunkortasunik."
"copy.ts","localPages","1775","También trabajamos en","We also work in","Hemen ere egiten dugu lan"
"copy.ts","localPages","1786","¿Hace falta que nos veamos?","Do we need to meet?","Beharrezkoa da elkar ikustea?"
"copy.ts","localPages","1791","No. Trabajamos en remoto de principio a fin: la primera toma de contacto por videollamada, y el resto por email o WhatsApp. Suele salir más ágil para los dos, porque no hay que cuadrar agendas ni cerrar el negocio media hora para una reunión.","No. We work remotely from start to finish: a first video call, and the rest over email or WhatsApp. It usually turns out quicker for both sides — no diaries to align and no closing your shop for half an hour.","Ez. Urrunetik egiten dugu lan hasieratik amaierara: lehen harremana bideo-deiz, eta gainerakoa emailez edo WhatsAppez. Normalean biontzat arinagoa ateratzen da, ez baita agendarik koadratu behar ezta negozioa ordu erdiz itxi ere bilera baterako."
"copy.ts","localPages","1798","¿Trabajáis con comercios pequeños o solo con empresas grandes?","Do you work with small shops or only with large companies?","Denda txikiekin egiten duzue lan ala enpresa handiekin bakarrik?"
"copy.ts","localPages","1803","Sobre todo con negocios pequeños y autónomos. El plan Esencial (29 €/mes) está pensado exactamente para eso: un comercio o un profesional que necesita una web decente y no puede soltar mil euros de entrada.","Mostly with small businesses and freelancers. The Essential plan (€29/mo) is designed exactly for that: a shop or a professional who needs a decent website and cannot drop a thousand euros upfront.","Batez ere negozio txiki eta autonomoekin. Funtsezko plana (29 €/hilabetean) horretarako dago pentsatua, hain zuzen: web duin bat behar duen eta mila euro sarreran jarri ezin dituen denda edo profesional batentzat."
"copy.ts","localPages","1819","DISEÑO WEB","WEB DESIGN","WEB DISEINUA"
"copy.ts","localPages","1820","EN DONOSTIA","IN DONOSTIA","DONOSTIAN"
"copy.ts","localPages","1823","Somos un estudio de Irún que trabaja con negocios de Donostia en remoto. Lo decimos claro desde el principio: no tenemos oficina en la ciudad ni te vamos a cobrar el sobreprecio de tenerla.","We are a studio from Irún working remotely with businesses in Donostia. We say it upfront: we have no office in the city, and we are not charging you the premium of keeping one.","Irungo estudio bat gara, Donostiako negozioekin urrunetik lan egiten duena. Argi esaten dugu hasieratik: ez dugu bulegorik hirian eta ez dizugu hori edukitzearen gainprezioa kobratuko."
"copy.ts","localPages","1831","Sin precios de la Parte Vieja","Without old-town prices","Parte Zaharreko preziorik gabe"
"copy.ts","localPages","1836","Una web de agencia en Donostia empieza en cuatro cifras y sigue con una factura de mantenimiento aparte. Nosotros trabajamos con tarifa plana: desde 29 €/mes con todo dentro. Mismo resultado, sin el sobrecoste de tener oficina en la Avenida.","An agency website in Donostia starts in four figures and then adds a separate maintenance invoice. We work on a flat rate: from €29/mo with everything included. Same outcome, without the overhead of an office on the Avenida.","Donostian agentzia bateko web bat lau zifratan hasten da eta gero mantentze-faktura bat aparte dator. Guk tarifa lauarekin egiten dugu lan: 29 €/hilabetetik aurrera dena barne. Emaitza bera, Avenidan bulegoa edukitzearen gainkosturik gabe."
"copy.ts","localPages","1844","Hostelería y comercio","Hospitality and retail","Ostalaritza eta merkataritza"
"copy.ts","localPages","1849","Bares, restaurantes, pensiones, tiendas. En Donostia tu web compite con las plataformas de reservas y con TripAdvisor: si no tienes una página propia rápida, con la carta actualizada y un botón de reserva claro, el cliente acaba reservando en otro sitio y pagando comisión.","Bars, restaurants, guesthouses, shops. In Donostia your website competes with booking platforms and TripAdvisor: without a fast site of your own, an up-to-date menu and a clear booking button, the customer ends up booking elsewhere and paying commission.","Tabernak, jatetxeak, ostatuak, dendak. Donostian zure webak erreserba-plataformekin eta TripAdvisorrekin lehiatzen du: web propio azkarrik ez baduzu, karta eguneratuta eta erreserba-botoi argi batekin, bezeroak beste nonbait erreserbatzen amaitzen du eta komisioa ordaintzen."
"copy.ts","localPages","1857","En los idiomas que necesitas","In the languages you need","Behar dituzun hizkuntzetan"
"copy.ts","localPages","1862","Aquí entra gente que busca en castellano, en euskera, en francés y en inglés. Montamos la web multiidioma desde el principio, que es mucho más barato que añadirlo después. El contenido lo escribes tú o lo preparamos juntos.","People here search in Spanish, Basque, French and English. We build the site multilingual from the start, which is far cheaper than bolting it on later. You write the content or we prepare it together.","Hemen gaztelaniaz, euskaraz, frantsesez eta ingelesez bilatzen duen jendea sartzen da. Weba hizkuntza anitzekoa muntatzen dugu hasieratik, gero gehitzea baino askoz merkeagoa baita. Edukia zuk idazten duzu edo elkarrekin prestatzen dugu."
"copy.ts","localPages","1870","Que salga en el mapa","So you show on the map","Mapan ager zaitezen"
"copy.ts","localPages","1875","La mitad de las búsquedas de un negocio donostiarra acaban en el mapa de Google, no en la lista de resultados. Dejamos tu ficha, tus datos y tu web coherentes entre sí para que el mapa te tenga en cuenta.","Half the searches for a San Sebastián business end up on the Google map, not in the results list. We keep your profile, your data and your website consistent with each other so the map takes you into account.","Donostiako negozio baten bilaketen erdiak Googleren mapan amaitzen dute, ez emaitzen zerrendan. Zure fitxa, zure datuak eta zure weba elkarren artean koherente uzten ditugu mapak kontuan har zaitzan."
"copy.ts","localPages","1882","También trabajamos en","We also work in","Hemen ere egiten dugu lan"
"copy.ts","localPages","1890","¿Tenéis oficina en San Sebastián?","Do you have an office in San Sebastián?","Bulegorik baduzue Donostian?"
"copy.ts","localPages","1895","No tenemos oficina en Donostia ni en ningún sitio: somos un estudio de Irún que trabaja en remoto. Preferimos decírtelo antes que fingir una dirección en el centro, como hacen algunos. Todo el proyecto se lleva por videollamada, email y WhatsApp, y eso es parte de por qué la cuota es la que es.","We have no office in Donostia or anywhere else: we are a studio from Irún working remotely. We would rather tell you than fake a city-centre address, as some do. The whole project runs over video call, email and WhatsApp — and that is part of why the fee is what it is.","Ez dugu bulegorik Donostian ezta beste inon ere: urrunetik lan egiten duen Irungo estudio bat gara. Nahiago dugu hori esan, batzuek egiten duten bezala erdiguneko helbide bat asmatu baino. Proiektu osoa bideo-deiz, emailez eta WhatsAppez eramaten da, eta hori da kuota den bezalakoa izatearen arrazoietako bat."
"copy.ts","localPages","1902","¿Hacéis webs en euskera?","Do you build websites in Basque?","Euskarazko webak egiten dituzue?"
"copy.ts","localPages","1907","Sí, montamos la web en tantos idiomas como necesites — euskera, castellano, francés, inglés. La parte técnica la ponemos nosotros; los textos en euskera los aportas tú o los encargamos a un traductor.","Yes, we build the site in as many languages as you need — Basque, Spanish, French, English. We handle the technical side; the Basque copy either comes from you or we commission a translator.","Bai, weba behar dituzun hizkuntza guztietan muntatzen dugu — euskara, gaztelania, frantsesa, ingelesa. Alde teknikoa guk jartzen dugu; euskarazko testuak zuk ekartzen dituzu edo itzultzaile bati eskatzen dizkiogu."
"copy.ts","localPages","1926","DISEÑO WEB","WEB DESIGN","WEB DISEINUA"
"copy.ts","localPages","1927","HONDARRIBIA","HONDARRIBIA","HONDARRIBIA"
"copy.ts","localPages","1930","Hondarribia vive del que viene de fuera, y el que viene de fuera te busca en el móvil antes de decidir dónde come o dónde duerme. Si a esa hora tu web no carga o no tiene la carta actualizada, ya has perdido la mesa.","Hondarribia lives off visitors, and visitors look you up on their phone before deciding where to eat or sleep. If at that moment your site is slow or your menu is out of date, the table is already lost.","Hondarribia kanpotik datorrenetik bizi da, eta kanpotik datorrenak mugikorrean bilatzen zaitu non jan edo non lo egin erabaki aurretik. Ordu horretan zure weba kargatzen ez bada edo karta eguneratuta ez badago, mahaia galduta duzu jada."
"copy.ts","localPages","1938","Hostelería que se reserva sola","Hospitality that books itself","Bere kabuz erreserbatzen den ostalaritza"
"copy.ts","localPages","1943","Restaurantes, sidrerías, pensiones y casas rurales. Carta actualizable por ti, botón de reserva visible y fotos que abran el apetito — sin depender de una plataforma que te cobra comisión por cada cliente que ya era tuyo.","Restaurants, cider houses, guesthouses and rural lodgings. A menu you update yourself, a visible booking button and photos that whet the appetite — without depending on a platform charging commission on customers who were already yours.","Jatetxeak, sagardotegiak, ostatuak eta landetxeak. Zuk egunera dezakezun karta, erreserba-botoi ikusgarria eta gogoa pizten duten argazkiak — jada zurea zen bezero bakoitzeko komisioa kobratzen dizun plataforma baten mende egon gabe."
"copy.ts","localPages","1951","En el idioma del visitante","In the visitor's language","Bisitariaren hizkuntzan"
"copy.ts","localPages","1956","Aquí entra francés de Hendaya, turista de crucero y visitante del interior. Montamos la web en castellano, euskera, francés e inglés desde el principio, que sale mucho más barato que añadirlo cuando ya está hecha.","Here you get French visitors from Hendaye, cruise tourists and travellers from inland. We build the site in Spanish, Basque, French and English from the start — far cheaper than bolting it on afterwards.","Hemen Hendaiako frantsesa, gurutzaldiko turista eta barnealdeko bisitaria sartzen dira. Weba gaztelaniaz, euskaraz, frantsesez eta ingelesez muntatzen dugu hasieratik, eginda dagoenean gehitzea baino askoz merkeagoa baita."
"copy.ts","localPages","1964","Que te encuentren en el mapa","So they find you on the map","Mapan aurki zaitzaten"
"copy.ts","localPages","1969","Casi nadie busca tu nombre: buscan ""dónde comer en Hondarribia"" con el móvil en la mano y a doscientos metros de tu puerta. Trabajamos tu ficha de Google y tu web para que aparezcas en ese momento exacto.","Almost nobody searches your name: they search ""where to eat in Hondarribia"" with their phone in hand, two hundred metres from your door. We work on your Google profile and your site so you show up at that exact moment.","Ia inork ez du zure izena bilatzen: ""non jan Hondarribian"" bilatzen dute mugikorra eskuan eta zure atetik berrehun metrora. Zure Googleko fitxa eta zure weba lantzen ditugu une horretan bertan ager zaitezen."
"copy.ts","localPages","1977","Una cuota, no una inversión","A fee, not an investment","Kuota bat, ez inbertsio bat"
"copy.ts","localPages","1982","Un negocio con temporada alta y baja no debería soltar mil euros de golpe por una web. Desde 29 €/mes con alojamiento, certificado y mantenimiento dentro, y sin permanencia si un invierno decides parar.","A business with high and low seasons should not drop a thousand euros at once on a website. From €29/mo with hosting, certificate and maintenance included, and no lock-in if one winter you decide to stop.","Denboraldi altua eta baxua dituen negozio batek ez luke mila euro kolpetik bota behar web batengatik. 29 €/hilabetetik aurrera ostatatzea, ziurtagiria eta mantentze-lanak barne, eta iraunkortasunik gabe neguren batean gelditzea erabakitzen baduzu."
"copy.ts","localPages","1989","También trabajamos en","We also work in","Hemen ere egiten dugu lan"
"copy.ts","localPages","1997","¿Podéis poner la carta del restaurante para que la cambie yo?","Can you set up the menu so I can change it myself?","Jatetxeko karta jar dezakezue nik neuk aldatzeko?"
"copy.ts","localPages","2002","Sí, y es de lo primero que montamos. Cambias platos y precios desde el móvil sin escribirnos ni esperar a nadie — algo esencial cuando la carta se mueve con la temporada o con lo que haya en la lonja.","Yes, and it is one of the first things we set up. You change dishes and prices from your phone without writing to us or waiting for anyone — essential when the menu shifts with the season or with the day’s catch.","Bai, eta muntatzen dugun lehenetakoa da. Platerak eta prezioak mugikorretik aldatzen dituzu guri idatzi gabe eta inori itxaron gabe — funtsezkoa karta denboraldiaren edo arrandegian dagoenaren arabera mugitzen denean."
"copy.ts","localPages","2009","¿Merece la pena una web si ya salgo en las plataformas de reservas?","Is a website worth it if I am already on the booking platforms?","Merezi du webak erreserba-plataformetan jada agertzen banaiz?"
"copy.ts","localPages","2014","Precisamente por eso. En esas plataformas compites en una lista con todos tus vecinos y pagas comisión por cada reserva. Con web propia, quien te busca por tu nombre reserva directamente contigo y esa comisión te la quedas tú.","That is exactly why. On those platforms you compete in a list against all your neighbours and pay commission on every booking. With your own site, whoever searches your name books directly with you and that commission stays with you.","Horrexegatik hain zuzen. Plataforma horietan zerrenda batean lehiatzen zara zure auzokide guztiekin eta erreserba bakoitzeko komisioa ordaintzen duzu. Web propioarekin, zure izenagatik bilatzen zaituenak zuzenean zurekin erreserbatzen du eta komisio hori zuretzat gelditzen da."
"copy.ts","localPages","2030","PÁGINAS WEB","WEBSITES","WEB ORRIAK"
"copy.ts","localPages","2031","EN GIPUZKOA","IN GIPUZKOA","GIPUZKOAN"
"copy.ts","localPages","2034","Diseñamos y programamos páginas web para negocios de toda Gipuzkoa. Somos de Irún y trabajamos en remoto, así que estés en Tolosa, en Eibar o en Zarautz, el proceso es exactamente el mismo.","We design and build websites for businesses across Gipuzkoa. We are from Irún and we work remotely, so whether you are in Tolosa, Eibar or Zarautz, the process is exactly the same.","Gipuzkoa osoko negozioentzat diseinatzen eta programatzen ditugu web orriak. Irungoak gara eta urrunetik egiten dugu lan, beraz Tolosan, Eibarren edo Zarautzen egon, prozesua zehazki bera da."
"copy.ts","localPages","2041","De Irún a Eibar","From Irún to Eibar","Irundik Eibarrera"
"copy.ts","localPages","2043","Trabajamos con negocios de la costa, del Bidasoa, de Donostialdea, del Goierri y del Alto Deba. Al ser todo en remoto, da igual que estés en Irún o en Eibar: el trato es el mismo y no hay desplazamientos que cuadrar.","We work with businesses on the coast, in the Bidasoa, Donostialdea, Goierri and Alto Deba. Since everything is remote, it makes no difference whether you are in Irún or Eibar: same service, and no travel to schedule.","Kostaldeko, Bidasoako, Donostialdeko, Goierriko eta Debagoieneko negozioekin egiten dugu lan. Dena urrunetik denez, berdin dio Irunen edo Eibarren zauden: tratua bera da eta ez dago joan-etorririk koadratzeko."
"copy.ts","localPages","2051","Industria, comercio y servicios","Industry, retail and services","Industria, merkataritza eta zerbitzuak"
"copy.ts","localPages","2056","En Gipuzkoa hay mucho taller, mucha empresa industrial y mucho proveedor que factura fuera y sigue con una web de hace quince años. Ese perfil es el que más gana con un rediseño: no necesitas vender online, necesitas que quien te busque por el nombre no piense que has cerrado.","Gipuzkoa is full of workshops, industrial firms and suppliers who invoice abroad and still run a fifteen-year-old website. That profile gains the most from a redesign: you do not need to sell online, you need whoever searches your name not to assume you have shut down.","Gipuzkoan tailer asko, enpresa industrial asko eta kanpora fakturatzen duen hornitzaile asko dago, oraindik duela hamabost urteko webarekin. Profil horrek irabazten du gehien berdiseinu batekin: ez duzu online saldu behar, izenagatik bilatzen zaituenak itxi duzula pentsa ez dezan behar duzu."
"copy.ts","localPages","2063","Todo desde aquí","All from here","Dena hemendik"
"copy.ts","localPages","2065","Diseño, programación, alojamiento y mantenimiento los llevamos nosotros, sin subcontratar. Tu web se aloja en servidores propios en Europa, no en una plantilla alquilada que se rompe cuando el proveedor cambia de opinión.","Design, development, hosting and maintenance are all ours, nothing subcontracted. Your site runs on our own servers in Europe, not on a rented template that breaks when the provider changes its mind.","Diseinua, programazioa, ostatatzea eta mantentze-lanak guk eramaten ditugu, azpikontratatu gabe. Zure weba Europako gure zerbitzari propioetan ostatatzen da, ez hornitzaileak iritzia aldatzean apurtzen den alokatutako txantiloi batean."
"copy.ts","localPages","2072","Precio cerrado","A closed price","Prezio itxia"
"copy.ts","localPages","2074","Desde 29 €/mes más un alta única desde 49 €. Tienda online completa, 99 €/mes. Todo con alojamiento, SSL, mantenimiento y un número de cambios al mes incluidos. Sin permanencia y sin letra pequeña.","From €29/mo plus a one-time setup from €49. A full online store, €99/mo. All with hosting, SSL, maintenance and a number of monthly changes included. No lock-in and no fine print.","29 €/hilabetetik aurrera gehi 49 €-tik aurrerako hasierako kuota bakarra. Online denda osoa, 99 €/hilabetean. Dena ostatatzearekin, SSLarekin, mantentze-lanekin eta hileko aldaketa kopuru batekin barne. Iraunkortasunik eta letra txikirik gabe."
"copy.ts","localPages","2081","Algunos municipios donde trabajamos","Some of the towns we work in","Lan egiten dugun udalerri batzuk"
"copy.ts","localPages","2100","¿Trabajáis en remoto o hay que veros?","Do you work remotely, or do we have to meet?","Urrunetik egiten duzue lan ala elkar ikusi behar dugu?"
"copy.ts","localPages","2105","Todo en remoto, de principio a fin. Arrancamos con una videollamada para entender tu negocio y a partir de ahí vamos por email o WhatsApp, enseñándote avances reales. No hay que cuadrar visitas ni cerrar el negocio para atendernos.","Everything remotely, start to finish. We open with a video call to understand your business and carry on over email or WhatsApp, showing you real progress. No visits to schedule and no closing your shop to receive us.","Dena urrunetik, hasieratik amaierara. Bideo-dei batekin hasten gara zure negozioa ulertzeko eta hortik aurrera emailez edo WhatsAppez jarraitzen dugu, benetako aurrerapenak erakutsiz. Ez dago bisitarik koadratu beharrik ezta negozioa itxi beharrik gu hartzeko."
"copy.ts","localPages","2112","¿Y si mi negocio está fuera de Gipuzkoa?","What if my business is outside Gipuzkoa?","Eta nire negozioa Gipuzkoatik kanpo badago?"
"copy.ts","localPages","2117","Ningún problema: trabajamos con toda España exactamente igual. Como todo es en remoto, que estés en Gipuzkoa o en Málaga no cambia el precio, el proceso ni el resultado.","No problem at all: we work with the whole of Spain in exactly the same way. Since everything is remote, being in Gipuzkoa or in Málaga changes neither the price, the process nor the result.","Inolako arazorik ez: Espainia osoarekin zehazki modu berean egiten dugu lan. Dena urrunetik denez, Gipuzkoan edo Malagan egoteak ez du prezioa, prozesua ezta emaitza ere aldatzen."
"copy.ts","LOCAL_PAGE","2128","← Volver al inicio","← Back to home","← Hasierara itzuli"
"copy.ts","LOCAL_PAGE","2129","Qué hacemos","What we do","Zer egiten dugun"
"copy.ts","LOCAL_PAGE","2130","Preguntas frecuentes","Frequently asked","Ohiko galderak"
"copy.ts","LOCAL_PAGE","2131","Cuánto cuesta","What it costs","Zenbat balio duen"
"copy.ts","LOCAL_PAGE","2133","VER TODAS LAS TARIFAS →","SEE ALL PLANS →","TARIFA GUZTIAK IKUSI →"
"copy.ts","LOCAL_PAGE","2137","Tarifas","Pricing","Tarifak"
"copy.ts","LOCAL_PAGE","2138","Empezar proyecto","Start a project","Proiektua hasi"
"copy.ts","LOCAL_PAGE","2139","EMPEZAR PROYECTO →","START A PROJECT →","PROIEKTUA HASI →"
"copy.ts","LOCAL_PAGE","2141","Cuéntanos qué necesitas. Te respondemos en menos de 24 horas, sin compromiso.","Tell us what you need. We reply within 24 hours, no strings attached.","Kontatu iezaguzu zer behar duzun. 24 ordu baino gutxiagoan erantzuten dizugu, konpromisorik gabe."
"copy.ts","NOT_FOUND","2149","(ERROR 404)","(ERROR 404)","(404 ERROREA)"
"copy.ts","NOT_FOUND","2150","Página no encontrada","Page not found","Ez da orria aurkitu"
"copy.ts","NOT_FOUND","2152","La página que buscas no existe o se ha movido de sitio.","The page you're looking for doesn't exist or has moved.","Bilatzen ari zaren orria ez da existitzen edo lekuz aldatu da."
"copy.ts","NOT_FOUND","2156","VOLVER AL INICIO →","BACK TO HOME →","HASIERARA ITZULI →"
"copy.ts","FOOTER","2162","ESTUDIO","STUDIO","ESTUDIOA"
"copy.ts","FOOTER","2164","Servicios","Services","Zerbitzuak"
"copy.ts","FOOTER","2165","Qué incluye","What you get","Zer sartzen den"
"copy.ts","FOOTER","2166","Proceso","Process","Prozesua"
"copy.ts","FOOTER","2167","Trabajo","Work","Lana"
"copy.ts","FOOTER","2168","Tarifas","Pricing","Tarifak"
"copy.ts","FOOTER","2169","FAQ","FAQ","FAQ"
"copy.ts","FOOTER","2173","CONTACTO","CONTACT","KONTAKTUA"
"copy.ts","FOOTER","2174","Respondemos en <24h","We reply within 24h","Erantzuna <24h-tan"
"copy.ts","FOOTER","2180","ZONA","AREA","EREMUA"
"copy.ts","FOOTER","2185","Diseño web en Irún","Web design in Irún","Web diseinua Irunen"
"copy.ts","FOOTER","2193","Diseño web en San Sebastián","Web design in San Sebastián","Web diseinua Donostian"
"copy.ts","FOOTER","2201","Diseño web en Hondarribia","Web design in Hondarribia","Web diseinua Hondarribian"
"copy.ts","FOOTER","2209","Páginas web en Gipuzkoa","Websites in Gipuzkoa","Web orriak Gipuzkoan"
"copy.ts","FOOTER","2220","LEGAL","LEGAL","LEGEZKOA"
"copy.ts","FOOTER","2222","Aviso legal","Legal notice","Lege oharra"
"copy.ts","FOOTER","2223","Privacidad","Privacy","Pribatutasuna"
"copy.ts","FOOTER","2224","Cookies","Cookies","Cookieak"
"copy.ts","FOOTER","2225","Términos","Terms","Baldintzak"
"copy.ts","FOOTER","2229","© ${YEAR} ${BRAND} ESTUDIO","© ${YEAR} ${BRAND} STUDIO","© ${YEAR} ${BRAND} ESTUDIOA"
"copy.ts","FOOTER","2238","${BUSINESS.city} · ${BUSINESS.region} · España","${BUSINESS.city} · ${BUSINESS.region} · Spain","${BUSINESS.city} · ${BUSINESS.region} · Espainia"
"legal.ts","LEGAL","22","B93796357","B93796357","B93796357"
"legal.ts","LEGAL","27","Última actualización: julio de 2026","Last updated: July 2026","Azken eguneratzea: 2026ko uztaila"
"legal.ts","LEGAL","31","← Volver al inicio","← Back to home","← Hasierara itzuli"
"legal.ts","LEGAL","32","Documentos legales","Legal documents","Legezko dokumentuak"
"legal.ts","COOKIES","44","Usamos cookies","We use cookies","Cookieak erabiltzen ditugu"
"legal.ts","COOKIES","46","Solo utilizamos cookies técnicas propias, necesarias para el funcionamiento del sitio y para recordar tus preferencias (como el idioma). No usamos cookies de seguimiento; medimos visitas con analítica propia sin cookies y sin compartir datos con terceros. Puedes leer más en nuestra política de cookies.","We only use our own technical cookies, needed for the site to work and to remember your preferences (such as language). We don’t use tracking cookies; we measure visits with our own cookieless analytics and share no data with third parties. You can read more in our cookie policy.","Geure cookie teknikoak baino ez ditugu erabiltzen, gunea funtzionatzeko eta zure hobespenak (hizkuntza, esaterako) gogoratzeko beharrezkoak direnak. Ez dugu jarraipen-cookierik erabiltzen; bisitak geure analitikarekin neurtzen ditugu, cookierik gabe eta hirugarrenekin daturik partekatu gabe. Gehiago irakur dezakezu gure cookie-politikan."
"legal.ts","COOKIES","50","Aceptar","Accept","Onartu"
"legal.ts","COOKIES","51","Rechazar","Reject","Ezetsi"
"legal.ts","COOKIES","52","Política de cookies","Cookie policy","Cookie-politika"
"legal.ts","legalDocs","62","Aviso legal","Legal notice","Lege oharra"
"legal.ts","legalDocs","63","Aviso legal","Legal notice","Lege oharra"
"legal.ts","legalDocs","65","Condiciones que regulan el acceso y uso de este sitio web, en cumplimiento de la Ley 34/2002 de Servicios de la Sociedad de la Información y de Comercio Electrónico (LSSI-CE).","Terms governing access to and use of this website, in compliance with Spanish Law 34/2002 on Information Society Services and Electronic Commerce (LSSI-CE).","Web gune honetarako sarbidea eta erabilera arautzen dituzten baldintzak, Informazioaren Gizartearen eta Merkataritza Elektronikoaren Zerbitzuei buruzko 34/2002 Legea (LSSI-CE) betez."
"legal.ts","legalDocs","72","1. Datos identificativos","1. Identifying details","1. Identifikazio-datuak"
"legal.ts","legalDocs","78","En cumplimiento de la normativa vigente, se informa de que este sitio web es titularidad de ${LEGAL.titular}, con NIF ${LEGAL.nif.es} y domicilio en ${LEGAL.domicilio}.","In accordance with applicable law, this website is owned by ${LEGAL.titular}, tax ID ${LEGAL.nif.en}, with registered address at ${LEGAL.domicilio}.","Indarrean dagoen araudia betez, jakinarazten da web gune honen titularra ${LEGAL.titular} dela, ${LEGAL.nif.es} IFZ duena eta ${LEGAL.domicilio} helbidean egoitza duena."
"legal.ts","legalDocs","83","Correo electrónico de contacto: ${LEGAL.email}. En adelante, ""${BRAND}"" o ""el titular"".","Contact email: ${LEGAL.email}. Hereinafter, ""${BRAND}"" or ""the owner"".","Harremanetarako helbide elektronikoa: ${LEGAL.email}. Aurrerantzean, ""${BRAND}"" edo ""titularra""."
"legal.ts","legalDocs","91","2. Objeto y condiciones de uso","2. Purpose and terms of use","2. Xedea eta erabilera-baldintzak"
"legal.ts","legalDocs","97","El acceso a este sitio atribuye la condición de usuario e implica la aceptación de las presentes condiciones. El usuario se compromete a hacer un uso adecuado de los contenidos y a no emplearlos para actividades ilícitas o que dañen los derechos e intereses de terceros.","Accessing this site grants the condition of user and implies acceptance of these terms. The user agrees to make appropriate use of the content and not to use it for unlawful activities or in ways that harm the rights and interests of third parties.","Gune honetara sartzeak erabiltzaile-izaera ematen du eta baldintza hauek onartzea dakar. Erabiltzaileak edukien erabilera egokia egiteko konpromisoa hartzen du, eta ez ditu erabiliko jarduera ez-zilegietarako edo hirugarrenen eskubide eta interesak kaltetzen dituzten moduetan."
"legal.ts","legalDocs","105","3. Propiedad intelectual e industrial","3. Intellectual and industrial property","3. Jabetza intelektuala eta industriala"
"legal.ts","legalDocs","111","Todos los contenidos del sitio (textos, diseño, código, logotipos e imágenes) son propiedad del titular o de terceros que han autorizado su uso, y están protegidos por los derechos de propiedad intelectual e industrial. Queda prohibida su reproducción, distribución o transformación sin autorización expresa de ${BRAND}.","All content on the site (text, design, code, logos and images) is owned by the owner or by third parties who have authorised its use, and is protected by intellectual and industrial property rights. Its reproduction, distribution or transformation without the express authorisation of ${BRAND} is prohibited.","Guneko eduki guztiak (testuak, diseinua, kodea, logotipoak eta irudiak) titularrarenak dira edo horien erabilera baimendu duten hirugarrenenak, eta jabetza intelektualaren eta industrialaren eskubideek babestuta daude. Debekatuta dago horiek erreproduzitzea, banatzea edo eraldatzea ${BRAND} markaren berariazko baimenik gabe."
"legal.ts","legalDocs","118","4. Responsabilidad","4. Liability","4. Erantzukizuna"
"legal.ts","legalDocs","121","El titular no se hace responsable de los daños derivados del mal uso del sitio ni de las interrupciones, errores u omisiones que pudieran existir. Se reserva el derecho a modificar o suspender el sitio y sus contenidos sin previo aviso.","The owner is not liable for damages arising from misuse of the site, nor for any interruptions, errors or omissions that may exist. It reserves the right to modify or suspend the site and its content without prior notice.","Titularra ez da gunearen erabilera okerretik eratorritako kalteen erantzule, ezta egon litezkeen etenaldi, akats edo hutsuneena ere. Gunea eta bere edukiak aldatzeko edo eteteko eskubidea gordetzen du, aldez aurretik jakinarazi gabe."
"legal.ts","legalDocs","128","5. Enlaces","5. Links","5. Estekak"
"legal.ts","legalDocs","131","Este sitio puede contener enlaces a páginas de terceros. El titular no asume responsabilidad alguna sobre los contenidos o servicios de dichos sitios.","This site may contain links to third-party pages. The owner assumes no responsibility for the content or services of such sites.","Gune honek hirugarrenen orrietarako estekak izan ditzake. Titularrak ez du inolako erantzukizunik hartzen gune horien eduki edo zerbitzuen gainean."
"legal.ts","legalDocs","139","6. Legislación aplicable","6. Applicable law","6. Aplikatu beharreko legeria"
"legal.ts","legalDocs","145","Las presentes condiciones se rigen por la legislación española. Para la resolución de cualquier controversia, las partes se someten a los juzgados y tribunales del domicilio del titular, salvo que la ley disponga otra cosa.","These terms are governed by Spanish law. For the resolution of any dispute, the parties submit to the courts of the owner’s domicile, unless the law provides otherwise.","Baldintza hauek Espainiako legeriak arautzen ditu. Edozein auzi ebazteko, alderdiak titularraren egoitzako epaitegi eta auzitegien mende jartzen dira, legeak bestelakorik xedatzen ez badu."
"legal.ts","legalDocs","155","Privacidad","Privacy","Pribatutasuna"
"legal.ts","legalDocs","156","Política de privacidad","Privacy policy","Pribatutasun-politika"
"legal.ts","legalDocs","158","Información sobre el tratamiento de tus datos personales conforme al Reglamento (UE) 2016/679 (RGPD) y la Ley Orgánica 3/2018 (LOPDGDD).","Information on the processing of your personal data under Regulation (EU) 2016/679 (GDPR) and Spanish Organic Law 3/2018 (LOPDGDD).","Zure datu pertsonalen tratamenduari buruzko informazioa, 2016/679 (EB) Erregelamenduaren (DBEO) eta 3/2018 Lege Organikoaren (DBLO) arabera."
"legal.ts","legalDocs","165","1. Responsable del tratamiento","1. Data controller","1. Tratamenduaren arduraduna"
"legal.ts","legalDocs","171","El responsable del tratamiento de tus datos es ${LEGAL.titular}, con NIF ${LEGAL.nif.es}, domicilio en ${LEGAL.domicilio} y correo de contacto ${LEGAL.email}.","The controller of your data is ${LEGAL.titular}, tax ID ${LEGAL.nif.en}, address ${LEGAL.domicilio}, contact email ${LEGAL.email}.","Zure datuen tratamenduaren arduraduna ${LEGAL.titular} da, ${LEGAL.nif.es} IFZ duena, ${LEGAL.domicilio} helbidean eta ${LEGAL.email} harremanetarako helbide elektronikoarekin."
"legal.ts","legalDocs","179","2. Datos que tratamos y finalidad","2. Data we process and purpose","2. Tratatzen ditugun datuak eta helburua"
"legal.ts","legalDocs","185","Tratamos los datos que nos facilitas voluntariamente a través del formulario ""Empezar proyecto"" o al contactarnos por correo electrónico (nombre, email, teléfono si lo indicas, datos de tu negocio y la información que incluyas en tu mensaje), con la finalidad de atender tu solicitud, elaborar una propuesta y, en su caso, prestarte nuestros servicios. Los envíos del formulario se almacenan en nuestros propios sistemas y generan un correo de confirmación automático.","We process the data you voluntarily provide through the ""Start a project"" form or when contacting us by email (name, email, phone if given, details about your business and any information you include in your message), in order to handle your request, prepare a proposal and, where applicable, provide our services. Form submissions are stored on our own systems and trigger an automatic confirmation email.","""Proiektua hasi"" inprimakiaren bidez edo posta elektronikoz harremanetan jartzean borondatez ematen dizkiguzun datuak tratatzen ditugu (izena, emaila, telefonoa adierazten baduzu, zure negozioaren datuak eta zure mezuan sartzen duzun informazioa), zure eskaerari erantzuteko, proposamen bat prestatzeko eta, hala badagokio, gure zerbitzuak emateko. Inprimakiaren bidalketak gure sistemetan gordetzen dira eta berrespen-mezu automatiko bat sortzen dute."
"legal.ts","legalDocs","192","3. Legitimación","3. Legal basis","3. Legitimazioa"
"legal.ts","legalDocs","195","La base legal es tu consentimiento al contactarnos y, cuando proceda, la ejecución de un contrato de servicios o el interés legítimo en responder a tus solicitudes.","The legal basis is your consent when contacting us and, where applicable, the performance of a service contract or the legitimate interest in responding to your requests.","Oinarri legala harremanetan jartzean ematen duzun baimena da eta, hala badagokio, zerbitzu-kontratu baten betearazpena edo zure eskaerei erantzuteko interes legitimoa."
"legal.ts","legalDocs","203","4. Conservación de los datos","4. Data retention","4. Datuak gordetzea"
"legal.ts","legalDocs","209","Conservamos tus datos durante el tiempo necesario para atender tu solicitud y, si llegamos a trabajar juntos, durante la relación contractual y los plazos legales aplicables. Después se suprimen de forma segura.","We keep your data for as long as necessary to handle your request and, if we end up working together, for the duration of the contractual relationship and the applicable legal periods. They are then securely deleted.","Zure datuak zure eskaerari erantzuteko beharrezkoa den denboran gordetzen ditugu eta, elkarrekin lan egitera iristen bagara, harreman kontraktualak dirauen bitartean eta aplikatu beharreko legezko epeetan. Ondoren, modu seguruan ezabatzen dira."
"legal.ts","legalDocs","216","5. Destinatarios","5. Recipients","5. Hartzaileak"
"legal.ts","legalDocs","219","No cedemos tus datos a terceros, salvo obligación legal. Podemos utilizar proveedores de servicios (alojamiento, correo) que actúan como encargados del tratamiento con las debidas garantías.","We do not share your data with third parties except where legally required. We may use service providers (hosting, email) acting as data processors with the appropriate safeguards.","Ez ditugu zure datuak hirugarrenei lagatzen, legezko betebeharra izan ezean. Zerbitzu-hornitzaileak erabil ditzakegu (ostatatzea, posta), tratamenduaren eragile gisa jarduten dutenak behar diren bermeekin."
"legal.ts","legalDocs","226","6. Tus derechos","6. Your rights","6. Zure eskubideak"
"legal.ts","legalDocs","229","Puedes ejercer tus derechos de acceso, rectificación, supresión, oposición, limitación y portabilidad escribiendo a ${LEGAL.email}. También tienes derecho a presentar una reclamación ante la Agencia Española de Protección de Datos (www.aepd.es).","You may exercise your rights of access, rectification, erasure, objection, restriction and portability by writing to ${LEGAL.email}. You also have the right to lodge a complaint with the Spanish Data Protection Agency (www.aepd.es).","Sarbide, zuzenketa, ezabatze, aurkakotasun, mugatze eta eramangarritasun eskubideak balia ditzakezu ${LEGAL.email} helbidera idatziz. Halaber, Datuak Babesteko Espainiako Agentziaren aurrean erreklamazioa aurkezteko eskubidea duzu (www.aepd.es)."
"legal.ts","legalDocs","236","7. Seguridad","7. Security","7. Segurtasuna"
"legal.ts","legalDocs","239","Aplicamos medidas técnicas y organizativas adecuadas para proteger tus datos frente a accesos no autorizados, pérdida o alteración.","We apply appropriate technical and organisational measures to protect your data against unauthorised access, loss or alteration.","Neurri tekniko eta antolakuntzazko egokiak aplikatzen ditugu zure datuak baimenik gabeko sarbide, galera edo aldaketen aurrean babesteko."
"legal.ts","legalDocs","249","Cookies","Cookies","Cookieak"
"legal.ts","legalDocs","250","Política de cookies","Cookie policy","Cookie-politika"
"legal.ts","legalDocs","252","Información sobre el uso de cookies en este sitio, conforme al artículo 22.2 de la LSSI-CE.","Information on the use of cookies on this site, in accordance with article 22.2 of the LSSI-CE.","Gune honetan cookieen erabilerari buruzko informazioa, LSSI-CEren 22.2 artikuluaren arabera."
"legal.ts","legalDocs","259","1. ¿Qué son las cookies?","1. What are cookies?","1. Zer dira cookieak?"
"legal.ts","legalDocs","265","Las cookies son pequeños archivos que se descargan en tu dispositivo al visitar una web y permiten su funcionamiento, así como recopilar información sobre la navegación.","Cookies are small files downloaded to your device when you visit a website. They allow the site to work and can collect information about your browsing.","Cookieak web bat bisitatzean zure gailuan deskargatzen diren fitxategi txikiak dira eta haren funtzionamendua ahalbidetzen dute, baita nabigazioari buruzko informazioa biltzea ere."
"legal.ts","legalDocs","273","2. Cookies que utilizamos","2. Cookies we use","2. Erabiltzen ditugun cookieak"
"legal.ts","legalDocs","279","Cookies técnicas necesarias: imprescindibles para el funcionamiento del sitio y para recordar tus preferencias (como el idioma o tu decisión sobre cookies). No requieren consentimiento.","Necessary technical cookies: essential for the site to work and to remember your preferences (such as language or your cookie choice). They do not require consent.","Beharrezko cookie teknikoak: ezinbestekoak gunearen funtzionamendurako eta zure hobespenak gogoratzeko (hizkuntza edo cookieei buruzko zure erabakia, esaterako). Ez dute baimenik behar."
"legal.ts","legalDocs","284","No utilizamos cookies de terceros ni de seguimiento. Para medir las visitas usamos Umami, una herramienta de analítica autoalojada en nuestros propios servidores que no usa cookies, no identifica a los visitantes y no comparte datos con terceros. El resto de recursos del sitio, incluidas las fuentes tipográficas, también se sirven desde nuestros propios dominios.","We do not use third-party or tracking cookies. To measure visits we use Umami, an analytics tool self-hosted on our own servers that sets no cookies, does not identify visitors and shares no data with third parties. All other site resources, including the typefaces, are also served from our own domains.","Ez dugu hirugarrenen cookierik ezta jarraipenekorik ere erabiltzen. Bisitak neurtzeko Umami erabiltzen dugu, gure zerbitzari propioetan auto-ostatatutako analitika-tresna bat, cookierik erabiltzen ez duena, bisitariak identifikatzen ez dituena eta hirugarrenekin daturik partekatzen ez duena. Guneko gainerako baliabideak, letra-tipoak barne, gure domeinu propioetatik ere zerbitzatzen dira."
"legal.ts","legalDocs","292","3. Gestión de cookies","3. Managing cookies","3. Cookieen kudeaketa"
"legal.ts","legalDocs","298","Puedes aceptar o rechazar las cookies no necesarias desde el aviso que aparece al entrar. Además, puedes configurar o eliminar las cookies desde los ajustes de tu navegador en cualquier momento.","You can accept or reject non-essential cookies from the banner shown on entry. You can also configure or delete cookies from your browser settings at any time.","Sartzean agertzen den oharretik onar edo ezets ditzakezu beharrezkoak ez diren cookieak. Gainera, zure nabigatzailearen ezarpenetatik konfigura edo ezaba ditzakezu cookieak edonoiz."
"legal.ts","legalDocs","305","4. Consentimiento","4. Consent","4. Baimena"
"legal.ts","legalDocs","308","Al aceptar, consientes el uso de las cookies descritas. Puedes cambiar tu decisión en cualquier momento borrando las cookies del sitio en tu navegador.","By accepting, you consent to the use of the cookies described. You can change your decision at any time by clearing the site’s cookies in your browser.","Onartzean, deskribatutako cookieen erabilera baimentzen duzu. Zure erabakia edonoiz alda dezakezu zure nabigatzailean guneko cookieak ezabatuz."
"legal.ts","legalDocs","318","Términos","Terms","Baldintzak"
"legal.ts","legalDocs","319","Términos y condiciones","Terms & conditions","Baldintza orokorrak"
"legal.ts","legalDocs","321","Condiciones generales que regulan la contratación de los servicios de diseño y desarrollo web ofrecidos por el titular.","General terms governing the contracting of the web design and development services offered by the owner.","Titularrak eskaintzen dituen web diseinu eta garapen zerbitzuen kontratazioa arautzen duten baldintza orokorrak."
"legal.ts","legalDocs","327","1. Objeto","1. Purpose","1. Xedea"
"legal.ts","legalDocs","330","${BRAND} ofrece servicios de branding, diseño y desarrollo web, tiendas online y mantenimiento, bajo una cuota fija mensual (tarifa plana) según el plan contratado.","${BRAND} provides branding, web design and development, online stores and maintenance services, under a fixed monthly fee (flat rate) according to the plan contracted.","${BRAND} markak branding, web diseinu eta garapen, online denda eta mantentze-lan zerbitzuak eskaintzen ditu, hileroko kuota finko baten pean (tarifa laua), kontratatutako planaren arabera."
"legal.ts","legalDocs","338","2. Tarifas y pagos","2. Fees and payments","2. Tarifak eta ordainketak"
"legal.ts","legalDocs","344","Los servicios se prestan mediante una cuota mensual que incluye alojamiento, certificado SSL, mantenimiento y actualizaciones, según el plan elegido. La cuota se factura de forma periódica y los precios pueden actualizarse comunicándolo previamente al cliente.","Services are provided through a monthly fee that includes hosting, SSL certificate, maintenance and updates, according to the chosen plan. The fee is billed periodically and prices may be updated with prior notice to the client.","Zerbitzuak hileroko kuota baten bidez ematen dira, ostatatzea, SSL ziurtagiria, mantentze-lanak eta eguneratzeak barne hartzen dituena, aukeratutako planaren arabera. Kuota aldizka fakturatzen da eta prezioak egunera daitezke bezeroari aldez aurretik jakinaraziz."
"legal.ts","legalDocs","349","El dominio no está incluido en la cuota: su registro es un pago único e independiente, cuyo importe varía según el nombre elegido. El titular puede gestionar su compra por cuenta del cliente.","The domain is not included in the fee: its registration is a separate one-time payment whose amount varies depending on the chosen name. The owner may handle its purchase on behalf of the client.","Domeinua ez dago kuotan sartuta: haren erregistroa ordainketa bakar eta independente bat da, eta zenbatekoa aukeratutako izenaren araberakoa da. Titularrak bezeroaren kontura kudea dezake haren erosketa."
"legal.ts","legalDocs","354","Además de la cuota mensual, la contratación de cualquier plan incluye una alta única de puesta en marcha, cuyo importe depende del plan contratado (consultar tarifas vigentes); esta alta no es reembolsable una vez iniciado el servicio. En los planes con tienda online, las comisiones de la pasarela de pago las factura directamente el proveedor de pago (p. ej. Stripe o Redsys) y no forman parte de la cuota del titular.","In addition to the monthly fee, signing up to any plan includes a one-time setup fee, the amount of which depends on the plan contracted (see current pricing); this setup fee is non-refundable once the service has started. On plans that include an online store, payment gateway fees are billed directly by the payment provider (e.g. Stripe or Redsys) and are not part of the owner's fee.","Hileroko kuotaz gain, edozein plan kontratatzeak abian jartzeko hasierako kuota bakar bat barne hartzen du, eta haren zenbatekoa kontratatutako planaren araberakoa da (ikus indarrean dauden tarifak); hasierako kuota hori ez da itzulgarria zerbitzua hasi ondoren. Online denda duten planetan, ordainketa-pasabidearen komisioak ordainketa-hornitzaileak berak fakturatzen ditu zuzenean (adib. Stripe edo Redsys) eta ez dira titularraren kuotaren parte."
"legal.ts","legalDocs","362","3. Propiedad y alcance del servicio","3. Ownership and scope of service","3. Jabetza eta zerbitzuaren irismena"
"legal.ts","legalDocs","368","El diseño, el código y la infraestructura de la web son desarrollados y mantenidos por ${BRAND}, que conserva su titularidad. El servicio consiste en mantener la web operativa y actualizada mientras el cliente mantenga su tarifa plana en vigor.","The design, code and infrastructure of the website are developed and maintained by ${BRAND}, which retains ownership of them. The service consists of keeping the website operational and up to date while the client keeps their flat-rate plan active.","Webaren diseinua, kodea eta azpiegitura ${BRAND} markak garatzen eta mantentzen ditu, eta horien titulartasuna gordetzen du. Zerbitzua weba operatibo eta eguneratuta mantentzean datza, bezeroak bere tarifa laua indarrean mantentzen duen bitartean."
"legal.ts","legalDocs","376","4. Duración y cancelación","4. Term and cancellation","4. Iraupena eta bertan behera uztea"
"legal.ts","legalDocs","382","No existe permanencia. El cliente puede cancelar cuando lo desee; al finalizar la relación, la web deja de renovarse y se da de baja. El dominio, si fue adquirido, seguirá las condiciones de su registro.","There is no minimum commitment. The client may cancel at any time; when the relationship ends, the website stops being renewed and is taken down. The domain, if acquired, will follow the conditions of its registration.","Ez dago iraunkortasunik. Bezeroak nahi duenean utz dezake bertan behera; harremana amaitzean, weba ez da berritzen eta baja ematen zaio. Domeinuak, eskuratu bazen, bere erregistroaren baldintzei jarraituko die."
"legal.ts","legalDocs","390","5. Obligaciones del cliente","5. Client obligations","5. Bezeroaren betebeharrak"
"legal.ts","legalDocs","396","El cliente se compromete a facilitar la información y los materiales necesarios para la prestación del servicio, y a que dichos contenidos no infrinjan derechos de terceros ni la legislación vigente.","The client agrees to provide the information and materials needed to deliver the service, and to ensure that such content does not infringe third-party rights or applicable law.","Bezeroak zerbitzua emateko beharrezkoak diren informazioa eta materialak emateko konpromisoa hartzen du, eta eduki horiek hirugarrenen eskubideak edo indarrean dagoen legeria ez urratzekoa."
"legal.ts","legalDocs","403","6. Responsabilidad","6. Liability","6. Erantzukizuna"
"legal.ts","legalDocs","406","El titular pondrá todos los medios razonables para garantizar la disponibilidad y seguridad del servicio, sin que pueda responsabilizarse de incidencias ajenas a su control (proveedores, fuerza mayor, etc.).","The owner will use all reasonable means to ensure the availability and security of the service, but cannot be held responsible for incidents beyond its control (providers, force majeure, etc.).","Titularrak bide arrazoizko guztiak jarriko ditu zerbitzuaren erabilgarritasuna eta segurtasuna bermatzeko, baina ezin da bere kontroletik kanpoko gorabeheren erantzule izan (hornitzaileak, ezinbesteko kasuak, etab.)."
"legal.ts","legalDocs","414","7. Legislación aplicable","7. Applicable law","7. Aplikatu beharreko legeria"
"legal.ts","legalDocs","420","Estas condiciones se rigen por la legislación española. Cualquier controversia se someterá a los juzgados y tribunales del domicilio del titular, salvo que la ley disponga otra cosa.","These terms are governed by Spanish law. Any dispute will be submitted to the courts of the owner’s domicile, unless the law provides otherwise.","Baldintza hauek Espainiako legeriak arautzen ditu. Edozein auzi titularraren egoitzako epaitegi eta auzitegien mende jarriko da, legeak bestelakorik xedatzen ez badu."
